2026-02-07 14:17:51,160 - LinkedInWatcher - INFO - Starting LinkedIn Watcher
2026-02-07 14:17:51,161 - LinkedInWatcher - INFO -   Account: umayaimanshah@gmail.com
2026-02-07 14:17:51,161 - LinkedInWatcher - INFO -   Check interval: 300s
2026-02-07 14:17:51,161 - LinkedInWatcher - INFO -   Headless: False
2026-02-07 14:17:51,162 - LinkedInWatcher - INFO - Launching browser...
2026-02-07 14:18:21,770 - LinkedInWatcher - INFO - Logging in to LinkedIn...
2026-02-07 14:18:47,484 - LinkedInWatcher - INFO - Logged in as umayaimanshah@gmail.com
2026-02-07 14:18:47,496 - LinkedInWatcher - INFO - Cookies saved
2026-02-07 14:18:47,504 - LinkedInWatcher - INFO - --- Check #1 ---
2026-02-07 14:18:47,504 - LinkedInWatcher - INFO - Checking notifications...
2026-02-07 14:19:17,528 - LinkedInWatcher - ERROR - Error checking notifications: Page.goto: Timeout 30000ms exceeded.
Call log:
  - navigating to "https://www.linkedin.com/notifications/", waiting until "load"

2026-02-07 14:19:17,529 - LinkedInWatcher - INFO - Checking messages...
2026-02-07 14:19:47,546 - LinkedInWatcher - ERROR - Error checking messages: Page.goto: Timeout 30000ms exceeded.
Call log:
  - navigating to "https://www.linkedin.com/messaging/", waiting until "load"

2026-02-07 14:19:47,547 - LinkedInWatcher - INFO - Checking connection requests...
2026-02-07 14:20:12,306 - LinkedInWatcher - INFO - Found 0 pending connection requests
2026-02-07 14:20:12,307 - LinkedInWatcher - INFO - No new items
2026-02-07 14:20:12,307 - LinkedInWatcher - INFO - Sleeping for 300 seconds...
2026-02-07 14:23:15,370 - LinkedInWatcher - INFO - Starting LinkedIn Watcher
2026-02-07 14:23:15,370 - LinkedInWatcher - INFO -   Account: umayaimanshah@gmail.com
2026-02-07 14:23:15,370 - LinkedInWatcher - INFO -   Check interval: 300s
2026-02-07 14:23:15,370 - LinkedInWatcher - INFO -   Headless: False
2026-02-07 14:23:15,371 - LinkedInWatcher - INFO - Launching browser...
2026-02-07 14:23:19,879 - LinkedInWatcher - INFO - Cookies loaded
2026-02-07 14:23:49,908 - LinkedInWatcher - ERROR - Connection error: Page.goto: Timeout 30000ms exceeded.
Call log:
  - navigating to "https://www.linkedin.com/feed/", waiting until "load"

2026-02-07 14:23:49,909 - LinkedInWatcher - ERROR - Failed to connect. Exiting.
2026-02-07 14:25:12,319 - LinkedInWatcher - INFO - --- Check #2 ---
2026-02-07 14:25:12,324 - LinkedInWatcher - INFO - Checking notifications...
2026-02-07 14:25:42,639 - LinkedInWatcher - ERROR - Error checking notifications: Page.goto: Timeout 30000ms exceeded.
Call log:
  - navigating to "https://www.linkedin.com/notifications/", waiting until "load"

2026-02-07 14:25:42,639 - LinkedInWatcher - INFO - Checking messages...
2026-02-07 14:26:02,666 - LinkedInWatcher - INFO - Found 0 unread messages
2026-02-07 14:26:02,667 - LinkedInWatcher - INFO - Checking connection requests...
2026-02-07 14:26:10,235 - LinkedInWatcher - INFO - Found 0 pending connection requests
2026-02-07 14:26:10,236 - LinkedInWatcher - INFO - No new items
2026-02-07 14:26:10,236 - LinkedInWatcher - INFO - Sleeping for 300 seconds...
2026-02-07 14:26:54,760 - LinkedInWatcher - INFO - Starting LinkedIn Watcher
2026-02-07 14:26:54,761 - LinkedInWatcher - INFO -   Account: umayaimanshah@gmail.com
2026-02-07 14:26:54,761 - LinkedInWatcher - INFO -   Check interval: 300s
2026-02-07 14:26:54,761 - LinkedInWatcher - INFO -   Headless: False
2026-02-07 14:26:54,762 - LinkedInWatcher - INFO - Launching browser...
2026-02-07 14:26:59,262 - LinkedInWatcher - INFO - Cookies loaded
2026-02-07 14:27:59,187 - LinkedInWatcher - INFO - Logged in via cookies
2026-02-07 14:27:59,188 - LinkedInWatcher - INFO - --- Check #1 ---
2026-02-07 14:27:59,189 - LinkedInWatcher - INFO - Checking notifications...
2026-02-07 14:28:32,396 - LinkedInWatcher - INFO - Found 0 new notifications
2026-02-07 14:28:32,397 - LinkedInWatcher - INFO - Checking messages...
2026-02-07 14:29:12,468 - LinkedInWatcher - INFO - Found 0 unread messages
2026-02-07 14:29:12,469 - LinkedInWatcher - INFO - Checking connection requests...
2026-02-07 14:29:23,758 - LinkedInWatcher - INFO - Found 0 pending connection requests
2026-02-07 14:29:23,759 - LinkedInWatcher - INFO - No new items
2026-02-07 14:29:23,759 - LinkedInWatcher - INFO - Sleeping for 300 seconds...
2026-02-07 14:31:10,243 - LinkedInWatcher - INFO - --- Check #3 ---
2026-02-07 14:31:10,247 - LinkedInWatcher - INFO - Checking notifications...
2026-02-07 14:31:46,955 - LinkedInWatcher - INFO - Found 0 new notifications
2026-02-07 14:31:46,957 - LinkedInWatcher - INFO - Checking messages...
2026-02-07 14:34:23,394 - LinkedInWatcher - INFO - Found 0 unread messages
2026-02-07 14:34:23,403 - LinkedInWatcher - INFO - Checking connection requests...
2026-02-07 14:34:23,787 - LinkedInWatcher - INFO - --- Check #2 ---
2026-02-07 14:34:23,803 - LinkedInWatcher - INFO - Checking notifications...
2026-02-07 14:34:47,880 - LinkedInWatcher - INFO - Found 0 pending connection requests
2026-02-07 14:34:47,881 - LinkedInWatcher - INFO - No new items
2026-02-07 14:34:47,881 - LinkedInWatcher - INFO - Sleeping for 300 seconds...
2026-02-07 14:35:14,428 - LinkedInWatcher - INFO - Found 0 new notifications
2026-02-07 14:35:14,429 - LinkedInWatcher - INFO - Checking messages...
2026-02-07 14:36:24,428 - LinkedInWatcher - INFO - Found 0 unread messages
2026-02-07 14:36:24,431 - LinkedInWatcher - INFO - Checking connection requests...
2026-02-07 14:36:36,611 - LinkedInWatcher - INFO - Found 0 pending connection requests
2026-02-07 14:36:36,611 - LinkedInWatcher - INFO - No new items
2026-02-07 14:36:36,612 - LinkedInWatcher - INFO - Sleeping for 300 seconds...
2026-02-07 14:39:47,914 - LinkedInWatcher - INFO - --- Check #4 ---
2026-02-07 14:39:47,931 - LinkedInWatcher - INFO - Checking notifications...
2026-02-07 14:40:18,124 - LinkedInWatcher - ERROR - Error checking notifications: Page.goto: Timeout 30000ms exceeded.
Call log:
  - navigating to "https://www.linkedin.com/notifications/", waiting until "load"

2026-02-07 14:40:18,125 - LinkedInWatcher - INFO - Checking messages...
2026-02-07 14:41:00,526 - LinkedInWatcher - INFO - Found 0 unread messages
2026-02-07 14:41:00,527 - LinkedInWatcher - INFO - Checking connection requests...
2026-02-07 14:41:08,611 - LinkedInWatcher - INFO - Found 0 pending connection requests
2026-02-07 14:41:08,612 - LinkedInWatcher - INFO - No new items
2026-02-07 14:41:08,612 - LinkedInWatcher - INFO - Sleeping for 300 seconds...
2026-02-07 14:41:36,641 - LinkedInWatcher - INFO - --- Check #3 ---
2026-02-07 14:41:36,653 - LinkedInWatcher - INFO - Checking notifications...
2026-02-07 14:42:14,261 - LinkedInWatcher - INFO - Found 0 new notifications
2026-02-07 14:42:14,263 - LinkedInWatcher - INFO - Checking messages...
2026-02-07 14:42:52,167 - LinkedInWatcher - INFO - Found 0 unread messages
2026-02-07 14:42:52,167 - LinkedInWatcher - INFO - Checking connection requests...
2026-02-07 14:43:04,908 - LinkedInWatcher - INFO - Found 0 pending connection requests
2026-02-07 14:43:04,909 - LinkedInWatcher - INFO - No new items
2026-02-07 14:43:04,909 - LinkedInWatcher - INFO - Sleeping for 300 seconds...
2026-02-07 14:46:08,621 - LinkedInWatcher - INFO - --- Check #5 ---
2026-02-07 14:46:08,628 - LinkedInWatcher - INFO - Checking notifications...
2026-02-07 14:46:38,819 - LinkedInWatcher - ERROR - Error checking notifications: Page.goto: Timeout 30000ms exceeded.
Call log:
  - navigating to "https://www.linkedin.com/notifications/", waiting until "load"

2026-02-07 14:46:38,820 - LinkedInWatcher - INFO - Checking messages...
2026-02-07 14:47:32,367 - LinkedInWatcher - INFO - Found 0 unread messages
2026-02-07 14:47:32,368 - LinkedInWatcher - INFO - Checking connection requests...
2026-02-07 14:47:40,733 - LinkedInWatcher - INFO - Found 0 pending connection requests
2026-02-07 14:47:40,734 - LinkedInWatcher - INFO - No new items
2026-02-07 14:47:40,735 - LinkedInWatcher - INFO - Sleeping for 300 seconds...
2026-02-07 14:48:04,914 - LinkedInWatcher - INFO - --- Check #4 ---
2026-02-07 14:48:04,926 - LinkedInWatcher - INFO - Checking notifications...
2026-02-07 14:48:14,382 - LinkedInWatcher - ERROR - Error checking notifications: Page.goto: Target page, context or browser has been closed
Call log:
  - navigating to "https://www.linkedin.com/notifications/", waiting until "load"

2026-02-07 14:48:14,383 - LinkedInWatcher - INFO - Checking messages...
2026-02-07 14:48:14,398 - LinkedInWatcher - ERROR - Error checking messages: Page.goto: Target page, context or browser has been closed
2026-02-07 14:48:14,398 - LinkedInWatcher - INFO - Checking connection requests...
2026-02-07 14:48:14,412 - LinkedInWatcher - ERROR - Error checking connection requests: Page.goto: Target page, context or browser has been closed
2026-02-07 14:48:14,412 - LinkedInWatcher - INFO - No new items
2026-02-07 14:48:14,412 - LinkedInWatcher - INFO - Sleeping for 300 seconds...
2026-02-07 14:52:40,736 - LinkedInWatcher - INFO - --- Check #6 ---
2026-02-07 14:52:40,750 - LinkedInWatcher - INFO - Checking notifications...
2026-02-07 14:52:41,363 - LinkedInWatcher - ERROR - Error checking notifications: Page.goto: Target page, context or browser has been closed
Call log:
  - navigating to "https://www.linkedin.com/notifications/", waiting until "load"

2026-02-07 14:52:41,366 - LinkedInWatcher - INFO - Checking messages...
2026-02-07 14:52:41,385 - LinkedInWatcher - ERROR - Error checking messages: Page.goto: Target page, context or browser has been closed
2026-02-07 14:52:41,386 - LinkedInWatcher - INFO - Checking connection requests...
2026-02-07 14:52:41,396 - LinkedInWatcher - ERROR - Error checking connection requests: Page.goto: Target page, context or browser has been closed
2026-02-07 14:52:41,396 - LinkedInWatcher - INFO - No new items
2026-02-07 14:52:41,397 - LinkedInWatcher - INFO - Sleeping for 300 seconds...
2026-02-07 14:53:14,416 - LinkedInWatcher - INFO - --- Check #5 ---
2026-02-07 14:53:14,417 - LinkedInWatcher - INFO - Checking notifications...
2026-02-07 14:53:14,431 - LinkedInWatcher - ERROR - Error checking notifications: Page.goto: Target page, context or browser has been closed
2026-02-07 14:53:14,431 - LinkedInWatcher - INFO - Checking messages...
2026-02-07 14:53:14,447 - LinkedInWatcher - ERROR - Error checking messages: Page.goto: Target page, context or browser has been closed
2026-02-07 14:53:14,448 - LinkedInWatcher - INFO - Checking connection requests...
2026-02-07 14:53:14,460 - LinkedInWatcher - ERROR - Error checking connection requests: Page.goto: Target page, context or browser has been closed
2026-02-07 14:53:14,461 - LinkedInWatcher - INFO - No new items
2026-02-07 14:53:14,461 - LinkedInWatcher - INFO - Sleeping for 300 seconds...
2026-02-07 14:57:41,398 - LinkedInWatcher - INFO - --- Check #7 ---
2026-02-07 14:57:41,398 - LinkedInWatcher - INFO - Checking notifications...
2026-02-07 14:57:41,409 - LinkedInWatcher - ERROR - Error checking notifications: Page.goto: Target page, context or browser has been closed
2026-02-07 14:57:41,409 - LinkedInWatcher - INFO - Checking messages...
2026-02-07 14:57:41,418 - LinkedInWatcher - ERROR - Error checking messages: Page.goto: Target page, context or browser has been closed
2026-02-07 14:57:41,419 - LinkedInWatcher - INFO - Checking connection requests...
2026-02-07 14:57:41,430 - LinkedInWatcher - ERROR - Error checking connection requests: Page.goto: Target page, context or browser has been closed
2026-02-07 14:57:41,430 - LinkedInWatcher - INFO - No new items
2026-02-07 14:57:41,431 - LinkedInWatcher - INFO - Sleeping for 300 seconds...
2026-02-07 14:58:14,462 - LinkedInWatcher - INFO - --- Check #6 ---
2026-02-07 14:58:14,463 - LinkedInWatcher - INFO - Checking notifications...
2026-02-07 14:58:14,475 - LinkedInWatcher - ERROR - Error checking notifications: Page.goto: Target page, context or browser has been closed
2026-02-07 14:58:14,475 - LinkedInWatcher - INFO - Checking messages...
2026-02-07 14:58:14,486 - LinkedInWatcher - ERROR - Error checking messages: Page.goto: Target page, context or browser has been closed
2026-02-07 14:58:14,487 - LinkedInWatcher - INFO - Checking connection requests...
2026-02-07 14:58:14,503 - LinkedInWatcher - ERROR - Error checking connection requests: Page.goto: Target page, context or browser has been closed
2026-02-07 14:58:14,504 - LinkedInWatcher - INFO - No new items
2026-02-07 14:58:14,505 - LinkedInWatcher - INFO - Sleeping for 300 seconds...
2026-02-07 15:02:41,433 - LinkedInWatcher - INFO - --- Check #8 ---
2026-02-07 15:02:41,433 - LinkedInWatcher - INFO - Checking notifications...
2026-02-07 15:02:41,475 - LinkedInWatcher - ERROR - Error checking notifications: Page.goto: Target page, context or browser has been closed
2026-02-07 15:02:41,476 - LinkedInWatcher - INFO - Checking messages...
2026-02-07 15:02:41,487 - LinkedInWatcher - ERROR - Error checking messages: Page.goto: Target page, context or browser has been closed
2026-02-07 15:02:41,489 - LinkedInWatcher - INFO - Checking connection requests...
2026-02-07 15:02:41,510 - LinkedInWatcher - ERROR - Error checking connection requests: Page.goto: Target page, context or browser has been closed
2026-02-07 15:02:41,511 - LinkedInWatcher - INFO - No new items
2026-02-07 15:02:41,512 - LinkedInWatcher - INFO - Sleeping for 300 seconds...
2026-02-07 15:03:14,506 - LinkedInWatcher - INFO - --- Check #7 ---
2026-02-07 15:03:14,507 - LinkedInWatcher - INFO - Checking notifications...
2026-02-07 15:03:14,513 - LinkedInWatcher - ERROR - Error checking notifications: Page.goto: Target page, context or browser has been closed
2026-02-07 15:03:14,513 - LinkedInWatcher - INFO - Checking messages...
2026-02-07 15:03:14,516 - LinkedInWatcher - ERROR - Error checking messages: Page.goto: Target page, context or browser has been closed
2026-02-07 15:03:14,516 - LinkedInWatcher - INFO - Checking connection requests...
2026-02-07 15:03:14,519 - LinkedInWatcher - ERROR - Error checking connection requests: Page.goto: Target page, context or browser has been closed
2026-02-07 15:03:14,519 - LinkedInWatcher - INFO - No new items
2026-02-07 15:03:14,520 - LinkedInWatcher - INFO - Sleeping for 300 seconds...
2026-02-07 15:07:41,513 - LinkedInWatcher - INFO - --- Check #9 ---
2026-02-07 15:07:41,513 - LinkedInWatcher - INFO - Checking notifications...
2026-02-07 15:07:41,517 - LinkedInWatcher - ERROR - Error checking notifications: Page.goto: Target page, context or browser has been closed
2026-02-07 15:07:41,517 - LinkedInWatcher - INFO - Checking messages...
2026-02-07 15:07:41,520 - LinkedInWatcher - ERROR - Error checking messages: Page.goto: Target page, context or browser has been closed
2026-02-07 15:07:41,520 - LinkedInWatcher - INFO - Checking connection requests...
2026-02-07 15:07:41,522 - LinkedInWatcher - ERROR - Error checking connection requests: Page.goto: Target page, context or browser has been closed
2026-02-07 15:07:41,522 - LinkedInWatcher - INFO - No new items
2026-02-07 15:07:41,522 - LinkedInWatcher - INFO - Sleeping for 300 seconds...
2026-02-07 15:08:14,521 - LinkedInWatcher - INFO - --- Check #8 ---
2026-02-07 15:08:14,521 - LinkedInWatcher - INFO - Checking notifications...
2026-02-07 15:08:14,526 - LinkedInWatcher - ERROR - Error checking notifications: Page.goto: Target page, context or browser has been closed
2026-02-07 15:08:14,526 - LinkedInWatcher - INFO - Checking messages...
2026-02-07 15:08:14,538 - LinkedInWatcher - ERROR - Error checking messages: Page.goto: Target page, context or browser has been closed
2026-02-07 15:08:14,539 - LinkedInWatcher - INFO - Checking connection requests...
2026-02-07 15:08:14,540 - LinkedInWatcher - ERROR - Error checking connection requests: Page.goto: Target page, context or browser has been closed
2026-02-07 15:08:14,541 - LinkedInWatcher - INFO - No new items
2026-02-07 15:08:14,541 - LinkedInWatcher - INFO - Sleeping for 300 seconds...
2026-02-07 15:12:41,523 - LinkedInWatcher - INFO - --- Check #10 ---
2026-02-07 15:12:41,525 - LinkedInWatcher - INFO - Checking notifications...
2026-02-07 15:12:41,549 - LinkedInWatcher - ERROR - Error checking notifications: Page.goto: Target page, context or browser has been closed
2026-02-07 15:12:41,551 - LinkedInWatcher - INFO - Checking messages...
2026-02-07 15:12:41,565 - LinkedInWatcher - ERROR - Error checking messages: Page.goto: Target page, context or browser has been closed
2026-02-07 15:12:41,565 - LinkedInWatcher - INFO - Checking connection requests...
2026-02-07 15:12:41,576 - LinkedInWatcher - ERROR - Error checking connection requests: Page.goto: Target page, context or browser has been closed
2026-02-07 15:12:41,577 - LinkedInWatcher - INFO - No new items
2026-02-07 15:12:41,577 - LinkedInWatcher - INFO - Sleeping for 300 seconds...
2026-02-07 15:13:14,542 - LinkedInWatcher - INFO - --- Check #9 ---
2026-02-07 15:13:14,542 - LinkedInWatcher - INFO - Checking notifications...
2026-02-07 15:13:14,604 - LinkedInWatcher - ERROR - Error checking notifications: Page.goto: Target page, context or browser has been closed
2026-02-07 15:13:14,604 - LinkedInWatcher - INFO - Checking messages...
2026-02-07 15:13:14,631 - LinkedInWatcher - ERROR - Error checking messages: Page.goto: Target page, context or browser has been closed
2026-02-07 15:13:14,631 - LinkedInWatcher - INFO - Checking connection requests...
2026-02-07 15:13:14,673 - LinkedInWatcher - ERROR - Error checking connection requests: Page.goto: Target page, context or browser has been closed
2026-02-07 15:13:14,677 - LinkedInWatcher - INFO - No new items
2026-02-07 15:13:14,678 - LinkedInWatcher - INFO - Sleeping for 300 seconds...
2026-02-07 15:17:41,579 - LinkedInWatcher - INFO - --- Check #11 ---
2026-02-07 15:17:41,579 - LinkedInWatcher - INFO - Checking notifications...
2026-02-07 15:17:41,588 - LinkedInWatcher - ERROR - Error checking notifications: Page.goto: Target page, context or browser has been closed
2026-02-07 15:17:41,588 - LinkedInWatcher - INFO - Checking messages...
2026-02-07 15:17:41,594 - LinkedInWatcher - ERROR - Error checking messages: Page.goto: Target page, context or browser has been closed
2026-02-07 15:17:41,594 - LinkedInWatcher - INFO - Checking connection requests...
2026-02-07 15:17:41,599 - LinkedInWatcher - ERROR - Error checking connection requests: Page.goto: Target page, context or browser has been closed
2026-02-07 15:17:41,599 - LinkedInWatcher - INFO - No new items
2026-02-07 15:17:41,599 - LinkedInWatcher - INFO - Sleeping for 300 seconds...
2026-02-07 15:18:14,679 - LinkedInWatcher - INFO - --- Check #10 ---
2026-02-07 15:18:14,679 - LinkedInWatcher - INFO - Checking notifications...
2026-02-07 15:18:14,685 - LinkedInWatcher - ERROR - Error checking notifications: Page.goto: Target page, context or browser has been closed
2026-02-07 15:18:14,685 - LinkedInWatcher - INFO - Checking messages...
2026-02-07 15:18:14,688 - LinkedInWatcher - ERROR - Error checking messages: Page.goto: Target page, context or browser has been closed
2026-02-07 15:18:14,688 - LinkedInWatcher - INFO - Checking connection requests...
2026-02-07 15:18:14,693 - LinkedInWatcher - ERROR - Error checking connection requests: Page.goto: Target page, context or browser has been closed
2026-02-07 15:18:14,693 - LinkedInWatcher - INFO - No new items
2026-02-07 15:18:14,693 - LinkedInWatcher - INFO - Sleeping for 300 seconds...
2026-02-07 15:22:41,600 - LinkedInWatcher - INFO - --- Check #12 ---
2026-02-07 15:22:41,601 - LinkedInWatcher - INFO - Checking notifications...
2026-02-07 15:22:41,610 - LinkedInWatcher - ERROR - Error checking notifications: Page.goto: Target page, context or browser has been closed
2026-02-07 15:22:41,610 - LinkedInWatcher - INFO - Checking messages...
2026-02-07 15:22:41,615 - LinkedInWatcher - ERROR - Error checking messages: Page.goto: Target page, context or browser has been closed
2026-02-07 15:22:41,616 - LinkedInWatcher - INFO - Checking connection requests...
2026-02-07 15:22:41,624 - LinkedInWatcher - ERROR - Error checking connection requests: Page.goto: Target page, context or browser has been closed
2026-02-07 15:22:41,624 - LinkedInWatcher - INFO - No new items
2026-02-07 15:22:41,626 - LinkedInWatcher - INFO - Sleeping for 300 seconds...
2026-02-07 15:23:14,694 - LinkedInWatcher - INFO - --- Check #11 ---
2026-02-07 15:23:14,695 - LinkedInWatcher - INFO - Checking notifications...
2026-02-07 15:23:14,707 - LinkedInWatcher - ERROR - Error checking notifications: Page.goto: Target page, context or browser has been closed
2026-02-07 15:23:14,707 - LinkedInWatcher - INFO - Checking messages...
2026-02-07 15:23:14,710 - LinkedInWatcher - ERROR - Error checking messages: Page.goto: Target page, context or browser has been closed
2026-02-07 15:23:14,710 - LinkedInWatcher - INFO - Checking connection requests...
2026-02-07 15:23:14,715 - LinkedInWatcher - ERROR - Error checking connection requests: Page.goto: Target page, context or browser has been closed
2026-02-07 15:23:14,715 - LinkedInWatcher - INFO - No new items
2026-02-07 15:23:14,715 - LinkedInWatcher - INFO - Sleeping for 300 seconds...
2026-02-07 15:27:41,628 - LinkedInWatcher - INFO - --- Check #13 ---
2026-02-07 15:27:41,629 - LinkedInWatcher - INFO - Checking notifications...
2026-02-07 15:27:41,647 - LinkedInWatcher - ERROR - Error checking notifications: Page.goto: Target page, context or browser has been closed
2026-02-07 15:27:41,648 - LinkedInWatcher - INFO - Checking messages...
2026-02-07 15:27:41,661 - LinkedInWatcher - ERROR - Error checking messages: Page.goto: Target page, context or browser has been closed
2026-02-07 15:27:41,662 - LinkedInWatcher - INFO - Checking connection requests...
2026-02-07 15:27:41,674 - LinkedInWatcher - ERROR - Error checking connection requests: Page.goto: Target page, context or browser has been closed
2026-02-07 15:27:41,675 - LinkedInWatcher - INFO - No new items
2026-02-07 15:27:41,676 - LinkedInWatcher - INFO - Sleeping for 300 seconds...
2026-02-07 15:28:14,716 - LinkedInWatcher - INFO - --- Check #12 ---
2026-02-07 15:28:14,718 - LinkedInWatcher - INFO - Checking notifications...
2026-02-07 15:28:14,736 - LinkedInWatcher - ERROR - Error checking notifications: Page.goto: Target page, context or browser has been closed
2026-02-07 15:28:14,738 - LinkedInWatcher - INFO - Checking messages...
2026-02-07 15:28:14,749 - LinkedInWatcher - ERROR - Error checking messages: Page.goto: Target page, context or browser has been closed
2026-02-07 15:28:14,750 - LinkedInWatcher - INFO - Checking connection requests...
2026-02-07 15:28:14,759 - LinkedInWatcher - ERROR - Error checking connection requests: Page.goto: Target page, context or browser has been closed
2026-02-07 15:28:14,760 - LinkedInWatcher - INFO - No new items
2026-02-07 15:28:14,761 - LinkedInWatcher - INFO - Sleeping for 300 seconds...
2026-02-07 15:32:41,677 - LinkedInWatcher - INFO - --- Check #14 ---
2026-02-07 15:32:41,677 - LinkedInWatcher - INFO - Checking notifications...
2026-02-07 15:32:41,682 - LinkedInWatcher - ERROR - Error checking notifications: Page.goto: Target page, context or browser has been closed
2026-02-07 15:32:41,682 - LinkedInWatcher - INFO - Checking messages...
2026-02-07 15:32:41,685 - LinkedInWatcher - ERROR - Error checking messages: Page.goto: Target page, context or browser has been closed
2026-02-07 15:32:41,686 - LinkedInWatcher - INFO - Checking connection requests...
2026-02-07 15:32:41,688 - LinkedInWatcher - ERROR - Error checking connection requests: Page.goto: Target page, context or browser has been closed
2026-02-07 15:32:41,689 - LinkedInWatcher - INFO - No new items
2026-02-07 15:32:41,689 - LinkedInWatcher - INFO - Sleeping for 300 seconds...
2026-02-07 15:33:14,762 - LinkedInWatcher - INFO - --- Check #13 ---
2026-02-07 15:33:14,762 - LinkedInWatcher - INFO - Checking notifications...
2026-02-07 15:33:14,765 - LinkedInWatcher - ERROR - Error checking notifications: Page.goto: Target page, context or browser has been closed
2026-02-07 15:33:14,765 - LinkedInWatcher - INFO - Checking messages...
2026-02-07 15:33:14,771 - LinkedInWatcher - ERROR - Error checking messages: Page.goto: Target page, context or browser has been closed
2026-02-07 15:33:14,772 - LinkedInWatcher - INFO - Checking connection requests...
2026-02-07 15:33:14,775 - LinkedInWatcher - ERROR - Error checking connection requests: Page.goto: Target page, context or browser has been closed
2026-02-07 15:33:14,775 - LinkedInWatcher - INFO - No new items
2026-02-07 15:33:14,775 - LinkedInWatcher - INFO - Sleeping for 300 seconds...
2026-02-07 15:37:41,690 - LinkedInWatcher - INFO - --- Check #15 ---
2026-02-07 15:37:41,691 - LinkedInWatcher - INFO - Checking notifications...
2026-02-07 15:37:41,699 - LinkedInWatcher - ERROR - Error checking notifications: Page.goto: Target page, context or browser has been closed
2026-02-07 15:37:41,700 - LinkedInWatcher - INFO - Checking messages...
2026-02-07 15:37:41,715 - LinkedInWatcher - ERROR - Error checking messages: Page.goto: Target page, context or browser has been closed
2026-02-07 15:37:41,715 - LinkedInWatcher - INFO - Checking connection requests...
2026-02-07 15:37:41,720 - LinkedInWatcher - ERROR - Error checking connection requests: Page.goto: Target page, context or browser has been closed
2026-02-07 15:37:41,720 - LinkedInWatcher - INFO - No new items
2026-02-07 15:37:41,720 - LinkedInWatcher - INFO - Sleeping for 300 seconds...
2026-02-07 15:38:14,776 - LinkedInWatcher - INFO - --- Check #14 ---
2026-02-07 15:38:14,778 - LinkedInWatcher - INFO - Checking notifications...
2026-02-07 15:38:14,798 - LinkedInWatcher - ERROR - Error checking notifications: Page.goto: Target page, context or browser has been closed
2026-02-07 15:38:14,799 - LinkedInWatcher - INFO - Checking messages...
2026-02-07 15:38:14,808 - LinkedInWatcher - ERROR - Error checking messages: Page.goto: Target page, context or browser has been closed
2026-02-07 15:38:14,809 - LinkedInWatcher - INFO - Checking connection requests...
2026-02-07 15:38:14,823 - LinkedInWatcher - ERROR - Error checking connection requests: Page.goto: Target page, context or browser has been closed
2026-02-07 15:38:14,824 - LinkedInWatcher - INFO - No new items
2026-02-07 15:38:14,825 - LinkedInWatcher - INFO - Sleeping for 300 seconds...
2026-02-07 15:42:41,722 - LinkedInWatcher - INFO - --- Check #16 ---
2026-02-07 15:42:41,722 - LinkedInWatcher - INFO - Checking notifications...
2026-02-07 15:42:41,739 - LinkedInWatcher - ERROR - Error checking notifications: Page.goto: Target page, context or browser has been closed
2026-02-07 15:42:41,740 - LinkedInWatcher - INFO - Checking messages...
2026-02-07 15:42:41,744 - LinkedInWatcher - ERROR - Error checking messages: Page.goto: Target page, context or browser has been closed
2026-02-07 15:42:41,745 - LinkedInWatcher - INFO - Checking connection requests...
2026-02-07 15:42:41,755 - LinkedInWatcher - ERROR - Error checking connection requests: Page.goto: Target page, context or browser has been closed
2026-02-07 15:42:41,755 - LinkedInWatcher - INFO - No new items
2026-02-07 15:42:41,756 - LinkedInWatcher - INFO - Sleeping for 300 seconds...
2026-02-07 15:43:14,827 - LinkedInWatcher - INFO - --- Check #15 ---
2026-02-07 15:43:14,828 - LinkedInWatcher - INFO - Checking notifications...
2026-02-07 15:43:14,838 - LinkedInWatcher - ERROR - Error checking notifications: Page.goto: Target page, context or browser has been closed
2026-02-07 15:43:14,838 - LinkedInWatcher - INFO - Checking messages...
2026-02-07 15:43:14,842 - LinkedInWatcher - ERROR - Error checking messages: Page.goto: Target page, context or browser has been closed
2026-02-07 15:43:14,842 - LinkedInWatcher - INFO - Checking connection requests...
2026-02-07 15:43:14,846 - LinkedInWatcher - ERROR - Error checking connection requests: Page.goto: Target page, context or browser has been closed
2026-02-07 15:43:14,846 - LinkedInWatcher - INFO - No new items
2026-02-07 15:43:14,846 - LinkedInWatcher - INFO - Sleeping for 300 seconds...
2026-02-07 15:47:41,762 - LinkedInWatcher - INFO - --- Check #17 ---
2026-02-07 15:47:41,771 - LinkedInWatcher - INFO - Checking notifications...
2026-02-07 15:47:41,836 - LinkedInWatcher - ERROR - Error checking notifications: Page.goto: Target page, context or browser has been closed
2026-02-07 15:47:41,837 - LinkedInWatcher - INFO - Checking messages...
2026-02-07 15:47:41,857 - LinkedInWatcher - ERROR - Error checking messages: Page.goto: Target page, context or browser has been closed
2026-02-07 15:47:41,858 - LinkedInWatcher - INFO - Checking connection requests...
2026-02-07 15:47:41,881 - LinkedInWatcher - ERROR - Error checking connection requests: Page.goto: Target page, context or browser has been closed
2026-02-07 15:47:41,882 - LinkedInWatcher - INFO - No new items
2026-02-07 15:47:41,883 - LinkedInWatcher - INFO - Sleeping for 300 seconds...
2026-02-07 15:48:14,846 - LinkedInWatcher - INFO - --- Check #16 ---
2026-02-07 15:48:14,848 - LinkedInWatcher - INFO - Checking notifications...
2026-02-07 15:48:14,861 - LinkedInWatcher - ERROR - Error checking notifications: Page.goto: Target page, context or browser has been closed
2026-02-07 15:48:14,861 - LinkedInWatcher - INFO - Checking messages...
2026-02-07 15:48:14,867 - LinkedInWatcher - ERROR - Error checking messages: Page.goto: Target page, context or browser has been closed
2026-02-07 15:48:14,867 - LinkedInWatcher - INFO - Checking connection requests...
2026-02-07 15:48:14,874 - LinkedInWatcher - ERROR - Error checking connection requests: Page.goto: Target page, context or browser has been closed
2026-02-07 15:48:14,874 - LinkedInWatcher - INFO - No new items
2026-02-07 15:48:14,875 - LinkedInWatcher - INFO - Sleeping for 300 seconds...
2026-02-07 15:52:41,885 - LinkedInWatcher - INFO - --- Check #18 ---
2026-02-07 15:52:41,887 - LinkedInWatcher - INFO - Checking notifications...
2026-02-07 15:52:41,900 - LinkedInWatcher - ERROR - Error checking notifications: Page.goto: Target page, context or browser has been closed
2026-02-07 15:52:41,901 - LinkedInWatcher - INFO - Checking messages...
2026-02-07 15:52:41,914 - LinkedInWatcher - ERROR - Error checking messages: Page.goto: Target page, context or browser has been closed
2026-02-07 15:52:41,916 - LinkedInWatcher - INFO - Checking connection requests...
2026-02-07 15:52:41,928 - LinkedInWatcher - ERROR - Error checking connection requests: Page.goto: Target page, context or browser has been closed
2026-02-07 15:52:41,929 - LinkedInWatcher - INFO - No new items
2026-02-07 15:52:41,929 - LinkedInWatcher - INFO - Sleeping for 300 seconds...
2026-02-07 15:53:14,876 - LinkedInWatcher - INFO - --- Check #17 ---
2026-02-07 15:53:14,877 - LinkedInWatcher - INFO - Checking notifications...
2026-02-07 15:53:14,886 - LinkedInWatcher - ERROR - Error checking notifications: Page.goto: Target page, context or browser has been closed
2026-02-07 15:53:14,886 - LinkedInWatcher - INFO - Checking messages...
2026-02-07 15:53:14,891 - LinkedInWatcher - ERROR - Error checking messages: Page.goto: Target page, context or browser has been closed
2026-02-07 15:53:14,891 - LinkedInWatcher - INFO - Checking connection requests...
2026-02-07 15:53:14,897 - LinkedInWatcher - ERROR - Error checking connection requests: Page.goto: Target page, context or browser has been closed
2026-02-07 15:53:14,897 - LinkedInWatcher - INFO - No new items
2026-02-07 15:53:14,897 - LinkedInWatcher - INFO - Sleeping for 300 seconds...
2026-02-07 15:57:41,931 - LinkedInWatcher - INFO - --- Check #19 ---
2026-02-07 15:57:41,932 - LinkedInWatcher - INFO - Checking notifications...
2026-02-07 15:57:41,939 - LinkedInWatcher - ERROR - Error checking notifications: Page.goto: Target page, context or browser has been closed
2026-02-07 15:57:41,939 - LinkedInWatcher - INFO - Checking messages...
2026-02-07 15:57:41,947 - LinkedInWatcher - ERROR - Error checking messages: Page.goto: Target page, context or browser has been closed
2026-02-07 15:57:41,948 - LinkedInWatcher - INFO - Checking connection requests...
2026-02-07 15:57:41,958 - LinkedInWatcher - ERROR - Error checking connection requests: Page.goto: Target page, context or browser has been closed
2026-02-07 15:57:41,959 - LinkedInWatcher - INFO - No new items
2026-02-07 15:57:41,960 - LinkedInWatcher - INFO - Sleeping for 300 seconds...
2026-02-07 15:58:14,898 - LinkedInWatcher - INFO - --- Check #18 ---
2026-02-07 15:58:14,899 - LinkedInWatcher - INFO - Checking notifications...
2026-02-07 15:58:14,917 - LinkedInWatcher - ERROR - Error checking notifications: Page.goto: Target page, context or browser has been closed
2026-02-07 15:58:14,918 - LinkedInWatcher - INFO - Checking messages...
2026-02-07 15:58:14,925 - LinkedInWatcher - ERROR - Error checking messages: Page.goto: Target page, context or browser has been closed
2026-02-07 15:58:14,926 - LinkedInWatcher - INFO - Checking connection requests...
2026-02-07 15:58:14,931 - LinkedInWatcher - ERROR - Error checking connection requests: Page.goto: Target page, context or browser has been closed
2026-02-07 15:58:14,931 - LinkedInWatcher - INFO - No new items
2026-02-07 15:58:14,932 - LinkedInWatcher - INFO - Sleeping for 300 seconds...
2026-02-07 16:02:41,961 - LinkedInWatcher - INFO - --- Check #20 ---
2026-02-07 16:02:41,961 - LinkedInWatcher - INFO - Checking notifications...
2026-02-07 16:02:41,974 - LinkedInWatcher - ERROR - Error checking notifications: Page.goto: Target page, context or browser has been closed
2026-02-07 16:02:41,975 - LinkedInWatcher - INFO - Checking messages...
2026-02-07 16:02:41,979 - LinkedInWatcher - ERROR - Error checking messages: Page.goto: Target page, context or browser has been closed
2026-02-07 16:02:41,980 - LinkedInWatcher - INFO - Checking connection requests...
2026-02-07 16:02:41,986 - LinkedInWatcher - ERROR - Error checking connection requests: Page.goto: Target page, context or browser has been closed
2026-02-07 16:02:41,986 - LinkedInWatcher - INFO - No new items
2026-02-07 16:02:41,986 - LinkedInWatcher - INFO - Sleeping for 300 seconds...
2026-02-07 16:03:14,933 - LinkedInWatcher - INFO - --- Check #19 ---
2026-02-07 16:03:14,934 - LinkedInWatcher - INFO - Checking notifications...
2026-02-07 16:03:14,949 - LinkedInWatcher - ERROR - Error checking notifications: Page.goto: Target page, context or browser has been closed
2026-02-07 16:03:14,949 - LinkedInWatcher - INFO - Checking messages...
2026-02-07 16:03:14,957 - LinkedInWatcher - ERROR - Error checking messages: Page.goto: Target page, context or browser has been closed
2026-02-07 16:03:14,958 - LinkedInWatcher - INFO - Checking connection requests...
2026-02-07 16:03:14,967 - LinkedInWatcher - ERROR - Error checking connection requests: Page.goto: Target page, context or browser has been closed
2026-02-07 16:03:14,967 - LinkedInWatcher - INFO - No new items
2026-02-07 16:03:14,968 - LinkedInWatcher - INFO - Sleeping for 300 seconds...
2026-02-07 16:07:41,988 - LinkedInWatcher - INFO - --- Check #21 ---
2026-02-07 16:07:41,989 - LinkedInWatcher - INFO - Checking notifications...
2026-02-07 16:07:42,097 - LinkedInWatcher - ERROR - Error checking notifications: Page.goto: Target page, context or browser has been closed
2026-02-07 16:07:42,098 - LinkedInWatcher - INFO - Checking messages...
2026-02-07 16:07:42,108 - LinkedInWatcher - ERROR - Error checking messages: Page.goto: Target page, context or browser has been closed
2026-02-07 16:07:42,109 - LinkedInWatcher - INFO - Checking connection requests...
2026-02-07 16:07:42,121 - LinkedInWatcher - ERROR - Error checking connection requests: Page.goto: Target page, context or browser has been closed
2026-02-07 16:07:42,122 - LinkedInWatcher - INFO - No new items
2026-02-07 16:07:42,123 - LinkedInWatcher - INFO - Sleeping for 300 seconds...
2026-02-07 16:08:14,970 - LinkedInWatcher - INFO - --- Check #20 ---
2026-02-07 16:08:14,972 - LinkedInWatcher - INFO - Checking notifications...
2026-02-07 16:08:14,991 - LinkedInWatcher - ERROR - Error checking notifications: Page.goto: Target page, context or browser has been closed
2026-02-07 16:08:14,992 - LinkedInWatcher - INFO - Checking messages...
2026-02-07 16:08:15,008 - LinkedInWatcher - ERROR - Error checking messages: Page.goto: Target page, context or browser has been closed
2026-02-07 16:08:15,008 - LinkedInWatcher - INFO - Checking connection requests...
2026-02-07 16:08:15,025 - LinkedInWatcher - ERROR - Error checking connection requests: Page.goto: Target page, context or browser has been closed
2026-02-07 16:08:15,026 - LinkedInWatcher - INFO - No new items
2026-02-07 16:08:15,026 - LinkedInWatcher - INFO - Sleeping for 300 seconds...
2026-02-07 16:12:42,125 - LinkedInWatcher - INFO - --- Check #22 ---
2026-02-07 16:12:42,126 - LinkedInWatcher - INFO - Checking notifications...
2026-02-07 16:12:42,148 - LinkedInWatcher - ERROR - Error checking notifications: Page.goto: Target page, context or browser has been closed
2026-02-07 16:12:42,148 - LinkedInWatcher - INFO - Checking messages...
2026-02-07 16:12:42,160 - LinkedInWatcher - ERROR - Error checking messages: Page.goto: Target page, context or browser has been closed
2026-02-07 16:12:42,161 - LinkedInWatcher - INFO - Checking connection requests...
2026-02-07 16:12:42,175 - LinkedInWatcher - ERROR - Error checking connection requests: Page.goto: Target page, context or browser has been closed
2026-02-07 16:12:42,175 - LinkedInWatcher - INFO - No new items
2026-02-07 16:12:42,176 - LinkedInWatcher - INFO - Sleeping for 300 seconds...
2026-02-07 16:13:15,027 - LinkedInWatcher - INFO - --- Check #21 ---
2026-02-07 16:13:15,028 - LinkedInWatcher - INFO - Checking notifications...
2026-02-07 16:13:15,045 - LinkedInWatcher - ERROR - Error checking notifications: Page.goto: Target page, context or browser has been closed
2026-02-07 16:13:15,045 - LinkedInWatcher - INFO - Checking messages...
2026-02-07 16:13:15,050 - LinkedInWatcher - ERROR - Error checking messages: Page.goto: Target page, context or browser has been closed
2026-02-07 16:13:15,050 - LinkedInWatcher - INFO - Checking connection requests...
2026-02-07 16:13:15,056 - LinkedInWatcher - ERROR - Error checking connection requests: Page.goto: Target page, context or browser has been closed
2026-02-07 16:13:15,057 - LinkedInWatcher - INFO - No new items
2026-02-07 16:13:15,057 - LinkedInWatcher - INFO - Sleeping for 300 seconds...
2026-02-07 16:17:42,177 - LinkedInWatcher - INFO - --- Check #23 ---
2026-02-07 16:17:42,178 - LinkedInWatcher - INFO - Checking notifications...
2026-02-07 16:17:42,185 - LinkedInWatcher - ERROR - Error checking notifications: Page.goto: Target page, context or browser has been closed
2026-02-07 16:17:42,185 - LinkedInWatcher - INFO - Checking messages...
2026-02-07 16:17:42,192 - LinkedInWatcher - ERROR - Error checking messages: Page.goto: Target page, context or browser has been closed
2026-02-07 16:17:42,193 - LinkedInWatcher - INFO - Checking connection requests...
2026-02-07 16:17:42,197 - LinkedInWatcher - ERROR - Error checking connection requests: Page.goto: Target page, context or browser has been closed
2026-02-07 16:17:42,198 - LinkedInWatcher - INFO - No new items
2026-02-07 16:17:42,198 - LinkedInWatcher - INFO - Sleeping for 300 seconds...
2026-02-07 16:18:15,058 - LinkedInWatcher - INFO - --- Check #22 ---
2026-02-07 16:18:15,059 - LinkedInWatcher - INFO - Checking notifications...
2026-02-07 16:18:15,077 - LinkedInWatcher - ERROR - Error checking notifications: Page.goto: Target page, context or browser has been closed
2026-02-07 16:18:15,077 - LinkedInWatcher - INFO - Checking messages...
2026-02-07 16:18:15,088 - LinkedInWatcher - ERROR - Error checking messages: Page.goto: Target page, context or browser has been closed
2026-02-07 16:18:15,089 - LinkedInWatcher - INFO - Checking connection requests...
2026-02-07 16:18:15,098 - LinkedInWatcher - ERROR - Error checking connection requests: Page.goto: Target page, context or browser has been closed
2026-02-07 16:18:15,098 - LinkedInWatcher - INFO - No new items
2026-02-07 16:18:15,099 - LinkedInWatcher - INFO - Sleeping for 300 seconds...
2026-02-07 16:22:42,199 - LinkedInWatcher - INFO - --- Check #24 ---
2026-02-07 16:22:42,200 - LinkedInWatcher - INFO - Checking notifications...
2026-02-07 16:22:42,215 - LinkedInWatcher - ERROR - Error checking notifications: Page.goto: Target page, context or browser has been closed
2026-02-07 16:22:42,216 - LinkedInWatcher - INFO - Checking messages...
2026-02-07 16:22:42,232 - LinkedInWatcher - ERROR - Error checking messages: Page.goto: Target page, context or browser has been closed
2026-02-07 16:22:42,232 - LinkedInWatcher - INFO - Checking connection requests...
2026-02-07 16:22:42,255 - LinkedInWatcher - ERROR - Error checking connection requests: Page.goto: Target page, context or browser has been closed
2026-02-07 16:22:42,256 - LinkedInWatcher - INFO - No new items
2026-02-07 16:22:42,256 - LinkedInWatcher - INFO - Sleeping for 300 seconds...
2026-02-07 16:23:15,100 - LinkedInWatcher - INFO - --- Check #23 ---
2026-02-07 16:23:15,101 - LinkedInWatcher - INFO - Checking notifications...
2026-02-07 16:23:15,114 - LinkedInWatcher - ERROR - Error checking notifications: Page.goto: Target page, context or browser has been closed
2026-02-07 16:23:15,114 - LinkedInWatcher - INFO - Checking messages...
2026-02-07 16:23:15,126 - LinkedInWatcher - ERROR - Error checking messages: Page.goto: Target page, context or browser has been closed
2026-02-07 16:23:15,126 - LinkedInWatcher - INFO - Checking connection requests...
2026-02-07 16:23:15,137 - LinkedInWatcher - ERROR - Error checking connection requests: Page.goto: Target page, context or browser has been closed
2026-02-07 16:23:15,137 - LinkedInWatcher - INFO - No new items
2026-02-07 16:23:15,138 - LinkedInWatcher - INFO - Sleeping for 300 seconds...
2026-02-07 16:27:42,258 - LinkedInWatcher - INFO - --- Check #25 ---
2026-02-07 16:27:42,259 - LinkedInWatcher - INFO - Checking notifications...
2026-02-07 16:27:42,280 - LinkedInWatcher - ERROR - Error checking notifications: Page.goto: Target page, context or browser has been closed
2026-02-07 16:27:42,281 - LinkedInWatcher - INFO - Checking messages...
2026-02-07 16:27:42,290 - LinkedInWatcher - ERROR - Error checking messages: Page.goto: Target page, context or browser has been closed
2026-02-07 16:27:42,291 - LinkedInWatcher - INFO - Checking connection requests...
2026-02-07 16:27:42,301 - LinkedInWatcher - ERROR - Error checking connection requests: Page.goto: Target page, context or browser has been closed
2026-02-07 16:27:42,302 - LinkedInWatcher - INFO - No new items
2026-02-07 16:27:42,302 - LinkedInWatcher - INFO - Sleeping for 300 seconds...
2026-02-07 16:28:15,140 - LinkedInWatcher - INFO - --- Check #24 ---
2026-02-07 16:28:15,141 - LinkedInWatcher - INFO - Checking notifications...
2026-02-07 16:28:15,165 - LinkedInWatcher - ERROR - Error checking notifications: Page.goto: Target page, context or browser has been closed
2026-02-07 16:28:15,166 - LinkedInWatcher - INFO - Checking messages...
2026-02-07 16:28:15,178 - LinkedInWatcher - ERROR - Error checking messages: Page.goto: Target page, context or browser has been closed
2026-02-07 16:28:15,179 - LinkedInWatcher - INFO - Checking connection requests...
2026-02-07 16:28:15,190 - LinkedInWatcher - ERROR - Error checking connection requests: Page.goto: Target page, context or browser has been closed
2026-02-07 16:28:15,191 - LinkedInWatcher - INFO - No new items
2026-02-07 16:28:15,192 - LinkedInWatcher - INFO - Sleeping for 300 seconds...
2026-02-07 16:32:42,303 - LinkedInWatcher - INFO - --- Check #26 ---
2026-02-07 16:32:42,304 - LinkedInWatcher - INFO - Checking notifications...
2026-02-07 16:32:42,317 - LinkedInWatcher - ERROR - Error checking notifications: Page.goto: Target page, context or browser has been closed
2026-02-07 16:32:42,317 - LinkedInWatcher - INFO - Checking messages...
2026-02-07 16:32:42,334 - LinkedInWatcher - ERROR - Error checking messages: Page.goto: Target page, context or browser has been closed
2026-02-07 16:32:42,334 - LinkedInWatcher - INFO - Checking connection requests...
2026-02-07 16:32:42,346 - LinkedInWatcher - ERROR - Error checking connection requests: Page.goto: Target page, context or browser has been closed
2026-02-07 16:32:42,347 - LinkedInWatcher - INFO - No new items
2026-02-07 16:32:42,347 - LinkedInWatcher - INFO - Sleeping for 300 seconds...
2026-02-07 16:33:15,193 - LinkedInWatcher - INFO - --- Check #25 ---
2026-02-07 16:33:15,194 - LinkedInWatcher - INFO - Checking notifications...
2026-02-07 16:33:15,214 - LinkedInWatcher - ERROR - Error checking notifications: Page.goto: Target page, context or browser has been closed
2026-02-07 16:33:15,214 - LinkedInWatcher - INFO - Checking messages...
2026-02-07 16:33:15,227 - LinkedInWatcher - ERROR - Error checking messages: Page.goto: Target page, context or browser has been closed
2026-02-07 16:33:15,229 - LinkedInWatcher - INFO - Checking connection requests...
2026-02-07 16:33:15,240 - LinkedInWatcher - ERROR - Error checking connection requests: Page.goto: Target page, context or browser has been closed
2026-02-07 16:33:15,240 - LinkedInWatcher - INFO - No new items
2026-02-07 16:33:15,241 - LinkedInWatcher - INFO - Sleeping for 300 seconds...
2026-02-07 16:37:42,349 - LinkedInWatcher - INFO - --- Check #27 ---
2026-02-07 16:37:42,350 - LinkedInWatcher - INFO - Checking notifications...
2026-02-07 16:37:42,364 - LinkedInWatcher - ERROR - Error checking notifications: Page.goto: Target page, context or browser has been closed
2026-02-07 16:37:42,365 - LinkedInWatcher - INFO - Checking messages...
2026-02-07 16:37:42,385 - LinkedInWatcher - ERROR - Error checking messages: Page.goto: Target page, context or browser has been closed
2026-02-07 16:37:42,386 - LinkedInWatcher - INFO - Checking connection requests...
2026-02-07 16:37:42,397 - LinkedInWatcher - ERROR - Error checking connection requests: Page.goto: Target page, context or browser has been closed
2026-02-07 16:37:42,398 - LinkedInWatcher - INFO - No new items
2026-02-07 16:37:42,398 - LinkedInWatcher - INFO - Sleeping for 300 seconds...
2026-02-07 16:38:15,242 - LinkedInWatcher - INFO - --- Check #26 ---
2026-02-07 16:38:15,242 - LinkedInWatcher - INFO - Checking notifications...
2026-02-07 16:38:15,250 - LinkedInWatcher - ERROR - Error checking notifications: Page.goto: Target page, context or browser has been closed
2026-02-07 16:38:15,251 - LinkedInWatcher - INFO - Checking messages...
2026-02-07 16:38:15,258 - LinkedInWatcher - ERROR - Error checking messages: Page.goto: Target page, context or browser has been closed
2026-02-07 16:38:15,258 - LinkedInWatcher - INFO - Checking connection requests...
2026-02-07 16:38:15,263 - LinkedInWatcher - ERROR - Error checking connection requests: Page.goto: Target page, context or browser has been closed
2026-02-07 16:38:15,263 - LinkedInWatcher - INFO - No new items
2026-02-07 16:38:15,263 - LinkedInWatcher - INFO - Sleeping for 300 seconds...
2026-02-07 16:42:42,400 - LinkedInWatcher - INFO - --- Check #28 ---
2026-02-07 16:42:42,401 - LinkedInWatcher - INFO - Checking notifications...
2026-02-07 16:42:42,414 - LinkedInWatcher - ERROR - Error checking notifications: Page.goto: Target page, context or browser has been closed
2026-02-07 16:42:42,416 - LinkedInWatcher - INFO - Checking messages...
2026-02-07 16:42:42,425 - LinkedInWatcher - ERROR - Error checking messages: Page.goto: Target page, context or browser has been closed
2026-02-07 16:42:42,426 - LinkedInWatcher - INFO - Checking connection requests...
2026-02-07 16:42:42,435 - LinkedInWatcher - ERROR - Error checking connection requests: Page.goto: Target page, context or browser has been closed
2026-02-07 16:42:42,436 - LinkedInWatcher - INFO - No new items
2026-02-07 16:42:42,437 - LinkedInWatcher - INFO - Sleeping for 300 seconds...
2026-02-07 16:43:15,265 - LinkedInWatcher - INFO - --- Check #27 ---
2026-02-07 16:43:15,266 - LinkedInWatcher - INFO - Checking notifications...
2026-02-07 16:43:15,273 - LinkedInWatcher - ERROR - Error checking notifications: Page.goto: Target page, context or browser has been closed
2026-02-07 16:43:15,274 - LinkedInWatcher - INFO - Checking messages...
2026-02-07 16:43:15,282 - LinkedInWatcher - ERROR - Error checking messages: Page.goto: Target page, context or browser has been closed
2026-02-07 16:43:15,282 - LinkedInWatcher - INFO - Checking connection requests...
2026-02-07 16:43:15,289 - LinkedInWatcher - ERROR - Error checking connection requests: Page.goto: Target page, context or browser has been closed
2026-02-07 16:43:15,290 - LinkedInWatcher - INFO - No new items
2026-02-07 16:43:15,290 - LinkedInWatcher - INFO - Sleeping for 300 seconds...
2026-02-07 16:47:42,438 - LinkedInWatcher - INFO - --- Check #29 ---
2026-02-07 16:47:42,440 - LinkedInWatcher - INFO - Checking notifications...
2026-02-07 16:47:42,453 - LinkedInWatcher - ERROR - Error checking notifications: Page.goto: Target page, context or browser has been closed
2026-02-07 16:47:42,454 - LinkedInWatcher - INFO - Checking messages...
2026-02-07 16:47:42,468 - LinkedInWatcher - ERROR - Error checking messages: Page.goto: Target page, context or browser has been closed
2026-02-07 16:47:42,468 - LinkedInWatcher - INFO - Checking connection requests...
2026-02-07 16:47:42,479 - LinkedInWatcher - ERROR - Error checking connection requests: Page.goto: Target page, context or browser has been closed
2026-02-07 16:47:42,480 - LinkedInWatcher - INFO - No new items
2026-02-07 16:47:42,480 - LinkedInWatcher - INFO - Sleeping for 300 seconds...
2026-02-07 16:48:15,291 - LinkedInWatcher - INFO - --- Check #28 ---
2026-02-07 16:48:15,292 - LinkedInWatcher - INFO - Checking notifications...
2026-02-07 16:48:15,309 - LinkedInWatcher - ERROR - Error checking notifications: Page.goto: Target page, context or browser has been closed
2026-02-07 16:48:15,310 - LinkedInWatcher - INFO - Checking messages...
2026-02-07 16:48:15,316 - LinkedInWatcher - ERROR - Error checking messages: Page.goto: Target page, context or browser has been closed
2026-02-07 16:48:15,317 - LinkedInWatcher - INFO - Checking connection requests...
2026-02-07 16:48:15,325 - LinkedInWatcher - ERROR - Error checking connection requests: Page.goto: Target page, context or browser has been closed
2026-02-07 16:48:15,325 - LinkedInWatcher - INFO - No new items
2026-02-07 16:48:15,325 - LinkedInWatcher - INFO - Sleeping for 300 seconds...
2026-02-07 17:02:22,624 - LinkedInWatcher - INFO - --- Check #30 ---
2026-02-07 17:02:22,624 - LinkedInWatcher - INFO - Checking notifications...
2026-02-07 17:02:22,639 - LinkedInWatcher - ERROR - Error checking notifications: Page.goto: Target page, context or browser has been closed
2026-02-07 17:02:22,640 - LinkedInWatcher - INFO - Checking messages...
2026-02-07 17:02:22,644 - LinkedInWatcher - ERROR - Error checking messages: Page.goto: Target page, context or browser has been closed
2026-02-07 17:02:22,645 - LinkedInWatcher - INFO - Checking connection requests...
2026-02-07 17:02:22,652 - LinkedInWatcher - ERROR - Error checking connection requests: Page.goto: Target page, context or browser has been closed
2026-02-07 17:02:22,653 - LinkedInWatcher - INFO - No new items
2026-02-07 17:02:22,653 - LinkedInWatcher - INFO - Sleeping for 300 seconds...
2026-02-07 17:02:55,469 - LinkedInWatcher - INFO - --- Check #29 ---
2026-02-07 17:02:55,470 - LinkedInWatcher - INFO - Checking notifications...
2026-02-07 17:02:55,499 - LinkedInWatcher - ERROR - Error checking notifications: Page.goto: Target page, context or browser has been closed
2026-02-07 17:02:55,499 - LinkedInWatcher - INFO - Checking messages...
2026-02-07 17:02:55,512 - LinkedInWatcher - ERROR - Error checking messages: Page.goto: Target page, context or browser has been closed
2026-02-07 17:02:55,512 - LinkedInWatcher - INFO - Checking connection requests...
2026-02-07 17:02:55,522 - LinkedInWatcher - ERROR - Error checking connection requests: Page.goto: Target page, context or browser has been closed
2026-02-07 17:02:55,523 - LinkedInWatcher - INFO - No new items
2026-02-07 17:02:55,524 - LinkedInWatcher - INFO - Sleeping for 300 seconds...
2026-02-07 17:07:22,654 - LinkedInWatcher - INFO - --- Check #31 ---
2026-02-07 17:07:22,655 - LinkedInWatcher - INFO - Checking notifications...
2026-02-07 17:07:22,682 - LinkedInWatcher - ERROR - Error checking notifications: Page.goto: Target page, context or browser has been closed
2026-02-07 17:07:22,684 - LinkedInWatcher - INFO - Checking messages...
2026-02-07 17:07:22,698 - LinkedInWatcher - ERROR - Error checking messages: Page.goto: Target page, context or browser has been closed
2026-02-07 17:07:22,699 - LinkedInWatcher - INFO - Checking connection requests...
2026-02-07 17:07:22,709 - LinkedInWatcher - ERROR - Error checking connection requests: Page.goto: Target page, context or browser has been closed
2026-02-07 17:07:22,710 - LinkedInWatcher - INFO - No new items
2026-02-07 17:07:22,710 - LinkedInWatcher - INFO - Sleeping for 300 seconds...
2026-02-07 17:07:55,525 - LinkedInWatcher - INFO - --- Check #30 ---
2026-02-07 17:07:55,526 - LinkedInWatcher - INFO - Checking notifications...
2026-02-07 17:07:55,544 - LinkedInWatcher - ERROR - Error checking notifications: Page.goto: Target page, context or browser has been closed
2026-02-07 17:07:55,544 - LinkedInWatcher - INFO - Checking messages...
2026-02-07 17:07:55,550 - LinkedInWatcher - ERROR - Error checking messages: Page.goto: Target page, context or browser has been closed
2026-02-07 17:07:55,551 - LinkedInWatcher - INFO - Checking connection requests...
2026-02-07 17:07:55,556 - LinkedInWatcher - ERROR - Error checking connection requests: Page.goto: Target page, context or browser has been closed
2026-02-07 17:07:55,557 - LinkedInWatcher - INFO - No new items
2026-02-07 17:07:55,557 - LinkedInWatcher - INFO - Sleeping for 300 seconds...
2026-02-07 17:12:22,712 - LinkedInWatcher - INFO - --- Check #32 ---
2026-02-07 17:12:22,713 - LinkedInWatcher - INFO - Checking notifications...
2026-02-07 17:12:22,720 - LinkedInWatcher - ERROR - Error checking notifications: Page.goto: Target page, context or browser has been closed
2026-02-07 17:12:22,720 - LinkedInWatcher - INFO - Checking messages...
2026-02-07 17:12:22,724 - LinkedInWatcher - ERROR - Error checking messages: Page.goto: Target page, context or browser has been closed
2026-02-07 17:12:22,725 - LinkedInWatcher - INFO - Checking connection requests...
2026-02-07 17:12:22,739 - LinkedInWatcher - ERROR - Error checking connection requests: Page.goto: Target page, context or browser has been closed
2026-02-07 17:12:22,739 - LinkedInWatcher - INFO - No new items
2026-02-07 17:12:22,739 - LinkedInWatcher - INFO - Sleeping for 300 seconds...
2026-02-07 17:12:55,558 - LinkedInWatcher - INFO - --- Check #31 ---
2026-02-07 17:12:55,559 - LinkedInWatcher - INFO - Checking notifications...
2026-02-07 17:12:55,580 - LinkedInWatcher - ERROR - Error checking notifications: Page.goto: Target page, context or browser has been closed
2026-02-07 17:12:55,581 - LinkedInWatcher - INFO - Checking messages...
2026-02-07 17:12:55,631 - LinkedInWatcher - ERROR - Error checking messages: Page.goto: Target page, context or browser has been closed
2026-02-07 17:12:55,711 - LinkedInWatcher - INFO - Checking connection requests...
2026-02-07 17:12:55,723 - LinkedInWatcher - ERROR - Error checking connection requests: Page.goto: Target page, context or browser has been closed
2026-02-07 17:12:55,724 - LinkedInWatcher - INFO - No new items
2026-02-07 17:12:55,724 - LinkedInWatcher - INFO - Sleeping for 300 seconds...
2026-02-07 17:17:22,740 - LinkedInWatcher - INFO - --- Check #33 ---
2026-02-07 17:17:22,742 - LinkedInWatcher - INFO - Checking notifications...
2026-02-07 17:17:22,756 - LinkedInWatcher - ERROR - Error checking notifications: Page.goto: Target page, context or browser has been closed
2026-02-07 17:17:22,758 - LinkedInWatcher - INFO - Checking messages...
2026-02-07 17:17:22,770 - LinkedInWatcher - ERROR - Error checking messages: Page.goto: Target page, context or browser has been closed
2026-02-07 17:17:22,771 - LinkedInWatcher - INFO - Checking connection requests...
2026-02-07 17:17:22,787 - LinkedInWatcher - ERROR - Error checking connection requests: Page.goto: Target page, context or browser has been closed
2026-02-07 17:17:22,788 - LinkedInWatcher - INFO - No new items
2026-02-07 17:17:22,789 - LinkedInWatcher - INFO - Sleeping for 300 seconds...
2026-02-07 17:17:55,726 - LinkedInWatcher - INFO - --- Check #32 ---
2026-02-07 17:17:55,726 - LinkedInWatcher - INFO - Checking notifications...
2026-02-07 17:17:55,741 - LinkedInWatcher - ERROR - Error checking notifications: Page.goto: Target page, context or browser has been closed
2026-02-07 17:17:55,742 - LinkedInWatcher - INFO - Checking messages...
2026-02-07 17:17:55,755 - LinkedInWatcher - ERROR - Error checking messages: Page.goto: Target page, context or browser has been closed
2026-02-07 17:17:55,755 - LinkedInWatcher - INFO - Checking connection requests...
2026-02-07 17:17:55,765 - LinkedInWatcher - ERROR - Error checking connection requests: Page.goto: Target page, context or browser has been closed
2026-02-07 17:17:55,765 - LinkedInWatcher - INFO - No new items
2026-02-07 17:17:55,766 - LinkedInWatcher - INFO - Sleeping for 300 seconds...
2026-02-07 17:22:22,791 - LinkedInWatcher - INFO - --- Check #34 ---
2026-02-07 17:22:22,792 - LinkedInWatcher - INFO - Checking notifications...
2026-02-07 17:22:22,816 - LinkedInWatcher - ERROR - Error checking notifications: Page.goto: Target page, context or browser has been closed
2026-02-07 17:22:22,816 - LinkedInWatcher - INFO - Checking messages...
2026-02-07 17:22:22,830 - LinkedInWatcher - ERROR - Error checking messages: Page.goto: Target page, context or browser has been closed
2026-02-07 17:22:22,831 - LinkedInWatcher - INFO - Checking connection requests...
2026-02-07 17:22:22,841 - LinkedInWatcher - ERROR - Error checking connection requests: Page.goto: Target page, context or browser has been closed
2026-02-07 17:22:22,842 - LinkedInWatcher - INFO - No new items
2026-02-07 17:22:22,842 - LinkedInWatcher - INFO - Sleeping for 300 seconds...
2026-02-07 17:22:55,768 - LinkedInWatcher - INFO - --- Check #33 ---
2026-02-07 17:22:55,769 - LinkedInWatcher - INFO - Checking notifications...
2026-02-07 17:22:55,790 - LinkedInWatcher - ERROR - Error checking notifications: Page.goto: Target page, context or browser has been closed
2026-02-07 17:22:55,791 - LinkedInWatcher - INFO - Checking messages...
2026-02-07 17:22:55,798 - LinkedInWatcher - ERROR - Error checking messages: Page.goto: Target page, context or browser has been closed
2026-02-07 17:22:55,799 - LinkedInWatcher - INFO - Checking connection requests...
2026-02-07 17:22:55,810 - LinkedInWatcher - ERROR - Error checking connection requests: Page.goto: Target page, context or browser has been closed
2026-02-07 17:22:55,811 - LinkedInWatcher - INFO - No new items
2026-02-07 17:22:55,811 - LinkedInWatcher - INFO - Sleeping for 300 seconds...
2026-02-07 17:27:22,844 - LinkedInWatcher - INFO - --- Check #35 ---
2026-02-07 17:27:22,845 - LinkedInWatcher - INFO - Checking notifications...
2026-02-07 17:27:22,859 - LinkedInWatcher - ERROR - Error checking notifications: Page.goto: Target page, context or browser has been closed
2026-02-07 17:27:22,860 - LinkedInWatcher - INFO - Checking messages...
2026-02-07 17:27:22,866 - LinkedInWatcher - ERROR - Error checking messages: Page.goto: Target page, context or browser has been closed
2026-02-07 17:27:22,867 - LinkedInWatcher - INFO - Checking connection requests...
2026-02-07 17:27:22,872 - LinkedInWatcher - ERROR - Error checking connection requests: Page.goto: Target page, context or browser has been closed
2026-02-07 17:27:22,873 - LinkedInWatcher - INFO - No new items
2026-02-07 17:27:22,873 - LinkedInWatcher - INFO - Sleeping for 300 seconds...
2026-02-07 17:27:55,813 - LinkedInWatcher - INFO - --- Check #34 ---
2026-02-07 17:27:55,813 - LinkedInWatcher - INFO - Checking notifications...
2026-02-07 17:27:55,830 - LinkedInWatcher - ERROR - Error checking notifications: Page.goto: Target page, context or browser has been closed
2026-02-07 17:27:55,830 - LinkedInWatcher - INFO - Checking messages...
2026-02-07 17:27:55,836 - LinkedInWatcher - ERROR - Error checking messages: Page.goto: Target page, context or browser has been closed
2026-02-07 17:27:55,837 - LinkedInWatcher - INFO - Checking connection requests...
2026-02-07 17:27:55,844 - LinkedInWatcher - ERROR - Error checking connection requests: Page.goto: Target page, context or browser has been closed
2026-02-07 17:27:55,845 - LinkedInWatcher - INFO - No new items
2026-02-07 17:27:55,845 - LinkedInWatcher - INFO - Sleeping for 300 seconds...
2026-02-07 17:32:22,874 - LinkedInWatcher - INFO - --- Check #36 ---
2026-02-07 17:32:22,875 - LinkedInWatcher - INFO - Checking notifications...
2026-02-07 17:32:22,887 - LinkedInWatcher - ERROR - Error checking notifications: Page.goto: Target page, context or browser has been closed
2026-02-07 17:32:22,888 - LinkedInWatcher - INFO - Checking messages...
2026-02-07 17:32:22,905 - LinkedInWatcher - ERROR - Error checking messages: Page.goto: Target page, context or browser has been closed
2026-02-07 17:32:22,905 - LinkedInWatcher - INFO - Checking connection requests...
2026-02-07 17:32:22,916 - LinkedInWatcher - ERROR - Error checking connection requests: Page.goto: Target page, context or browser has been closed
2026-02-07 17:32:22,917 - LinkedInWatcher - INFO - No new items
2026-02-07 17:32:22,918 - LinkedInWatcher - INFO - Sleeping for 300 seconds...
2026-02-07 17:32:55,846 - LinkedInWatcher - INFO - --- Check #35 ---
2026-02-07 17:32:55,849 - LinkedInWatcher - INFO - Checking notifications...
2026-02-07 17:32:55,883 - LinkedInWatcher - ERROR - Error checking notifications: Page.goto: Target page, context or browser has been closed
2026-02-07 17:32:55,885 - LinkedInWatcher - INFO - Checking messages...
2026-02-07 17:32:55,899 - LinkedInWatcher - ERROR - Error checking messages: Page.goto: Target page, context or browser has been closed
2026-02-07 17:32:55,900 - LinkedInWatcher - INFO - Checking connection requests...
2026-02-07 17:32:55,918 - LinkedInWatcher - ERROR - Error checking connection requests: Page.goto: Target page, context or browser has been closed
2026-02-07 17:32:55,919 - LinkedInWatcher - INFO - No new items
2026-02-07 17:32:55,919 - LinkedInWatcher - INFO - Sleeping for 300 seconds...
2026-02-07 17:37:22,919 - LinkedInWatcher - INFO - --- Check #37 ---
2026-02-07 17:37:22,921 - LinkedInWatcher - INFO - Checking notifications...
2026-02-07 17:37:22,936 - LinkedInWatcher - ERROR - Error checking notifications: Page.goto: Target page, context or browser has been closed
2026-02-07 17:37:22,937 - LinkedInWatcher - INFO - Checking messages...
2026-02-07 17:37:22,958 - LinkedInWatcher - ERROR - Error checking messages: Page.goto: Target page, context or browser has been closed
2026-02-07 17:37:22,959 - LinkedInWatcher - INFO - Checking connection requests...
2026-02-07 17:37:22,975 - LinkedInWatcher - ERROR - Error checking connection requests: Page.goto: Target page, context or browser has been closed
2026-02-07 17:37:22,976 - LinkedInWatcher - INFO - No new items
2026-02-07 17:37:22,977 - LinkedInWatcher - INFO - Sleeping for 300 seconds...
2026-02-07 17:37:55,921 - LinkedInWatcher - INFO - --- Check #36 ---
2026-02-07 17:37:55,922 - LinkedInWatcher - INFO - Checking notifications...
2026-02-07 17:37:55,933 - LinkedInWatcher - ERROR - Error checking notifications: Page.goto: Target page, context or browser has been closed
2026-02-07 17:37:55,934 - LinkedInWatcher - INFO - Checking messages...
2026-02-07 17:37:55,944 - LinkedInWatcher - ERROR - Error checking messages: Page.goto: Target page, context or browser has been closed
2026-02-07 17:37:55,945 - LinkedInWatcher - INFO - Checking connection requests...
2026-02-07 17:37:55,951 - LinkedInWatcher - ERROR - Error checking connection requests: Page.goto: Target page, context or browser has been closed
2026-02-07 17:37:55,951 - LinkedInWatcher - INFO - No new items
2026-02-07 17:37:55,951 - LinkedInWatcher - INFO - Sleeping for 300 seconds...
2026-02-07 17:42:22,978 - LinkedInWatcher - INFO - --- Check #38 ---
2026-02-07 17:42:22,979 - LinkedInWatcher - INFO - Checking notifications...
2026-02-07 17:42:22,999 - LinkedInWatcher - ERROR - Error checking notifications: Page.goto: Target page, context or browser has been closed
2026-02-07 17:42:23,000 - LinkedInWatcher - INFO - Checking messages...
2026-02-07 17:42:23,010 - LinkedInWatcher - ERROR - Error checking messages: Page.goto: Target page, context or browser has been closed
2026-02-07 17:42:23,011 - LinkedInWatcher - INFO - Checking connection requests...
2026-02-07 17:42:23,020 - LinkedInWatcher - ERROR - Error checking connection requests: Page.goto: Target page, context or browser has been closed
2026-02-07 17:42:23,020 - LinkedInWatcher - INFO - No new items
2026-02-07 17:42:23,021 - LinkedInWatcher - INFO - Sleeping for 300 seconds...
2026-02-07 17:42:55,953 - LinkedInWatcher - INFO - --- Check #37 ---
2026-02-07 17:42:55,954 - LinkedInWatcher - INFO - Checking notifications...
2026-02-07 17:42:55,976 - LinkedInWatcher - ERROR - Error checking notifications: Page.goto: Target page, context or browser has been closed
2026-02-07 17:42:55,976 - LinkedInWatcher - INFO - Checking messages...
2026-02-07 17:42:55,984 - LinkedInWatcher - ERROR - Error checking messages: Page.goto: Target page, context or browser has been closed
2026-02-07 17:42:55,986 - LinkedInWatcher - INFO - Checking connection requests...
2026-02-07 17:42:55,996 - LinkedInWatcher - ERROR - Error checking connection requests: Page.goto: Target page, context or browser has been closed
2026-02-07 17:42:55,997 - LinkedInWatcher - INFO - No new items
2026-02-07 17:42:55,998 - LinkedInWatcher - INFO - Sleeping for 300 seconds...
2026-02-07 17:47:23,022 - LinkedInWatcher - INFO - --- Check #39 ---
2026-02-07 17:47:23,023 - LinkedInWatcher - INFO - Checking notifications...
2026-02-07 17:47:23,033 - LinkedInWatcher - ERROR - Error checking notifications: Page.goto: Target page, context or browser has been closed
2026-02-07 17:47:23,033 - LinkedInWatcher - INFO - Checking messages...
2026-02-07 17:47:23,039 - LinkedInWatcher - ERROR - Error checking messages: Page.goto: Target page, context or browser has been closed
2026-02-07 17:47:23,040 - LinkedInWatcher - INFO - Checking connection requests...
2026-02-07 17:47:23,048 - LinkedInWatcher - ERROR - Error checking connection requests: Page.goto: Target page, context or browser has been closed
2026-02-07 17:47:23,048 - LinkedInWatcher - INFO - No new items
2026-02-07 17:47:23,048 - LinkedInWatcher - INFO - Sleeping for 300 seconds...
2026-02-07 17:47:56,001 - LinkedInWatcher - INFO - --- Check #38 ---
2026-02-07 17:47:56,001 - LinkedInWatcher - INFO - Checking notifications...
2026-02-07 17:47:56,024 - LinkedInWatcher - ERROR - Error checking notifications: Page.goto: Target page, context or browser has been closed
2026-02-07 17:47:56,024 - LinkedInWatcher - INFO - Checking messages...
2026-02-07 17:47:56,030 - LinkedInWatcher - ERROR - Error checking messages: Page.goto: Target page, context or browser has been closed
2026-02-07 17:47:56,031 - LinkedInWatcher - INFO - Checking connection requests...
2026-02-07 17:47:56,039 - LinkedInWatcher - ERROR - Error checking connection requests: Page.goto: Target page, context or browser has been closed
2026-02-07 17:47:56,039 - LinkedInWatcher - INFO - No new items
2026-02-07 17:47:56,039 - LinkedInWatcher - INFO - Sleeping for 300 seconds...
2026-02-07 17:52:23,050 - LinkedInWatcher - INFO - --- Check #40 ---
2026-02-07 17:52:23,051 - LinkedInWatcher - INFO - Checking notifications...
2026-02-07 17:52:23,060 - LinkedInWatcher - ERROR - Error checking notifications: Page.goto: Target page, context or browser has been closed
2026-02-07 17:52:23,061 - LinkedInWatcher - INFO - Checking messages...
2026-02-07 17:52:23,068 - LinkedInWatcher - ERROR - Error checking messages: Page.goto: Target page, context or browser has been closed
2026-02-07 17:52:23,069 - LinkedInWatcher - INFO - Checking connection requests...
2026-02-07 17:52:23,084 - LinkedInWatcher - ERROR - Error checking connection requests: Page.goto: Target page, context or browser has been closed
2026-02-07 17:52:23,086 - LinkedInWatcher - INFO - No new items
2026-02-07 17:52:23,086 - LinkedInWatcher - INFO - Sleeping for 300 seconds...
2026-02-07 17:52:56,041 - LinkedInWatcher - INFO - --- Check #39 ---
2026-02-07 17:52:56,042 - LinkedInWatcher - INFO - Checking notifications...
2026-02-07 17:52:56,059 - LinkedInWatcher - ERROR - Error checking notifications: Page.goto: Target page, context or browser has been closed
2026-02-07 17:52:56,059 - LinkedInWatcher - INFO - Checking messages...
2026-02-07 17:52:56,072 - LinkedInWatcher - ERROR - Error checking messages: Page.goto: Target page, context or browser has been closed
2026-02-07 17:52:56,072 - LinkedInWatcher - INFO - Checking connection requests...
2026-02-07 17:52:56,091 - LinkedInWatcher - ERROR - Error checking connection requests: Page.goto: Target page, context or browser has been closed
2026-02-07 17:52:56,093 - LinkedInWatcher - INFO - No new items
2026-02-07 17:52:56,093 - LinkedInWatcher - INFO - Sleeping for 300 seconds...
2026-02-07 17:57:23,087 - LinkedInWatcher - INFO - --- Check #41 ---
2026-02-07 17:57:23,088 - LinkedInWatcher - INFO - Checking notifications...
2026-02-07 17:57:23,106 - LinkedInWatcher - ERROR - Error checking notifications: Page.goto: Target page, context or browser has been closed
2026-02-07 17:57:23,106 - LinkedInWatcher - INFO - Checking messages...
2026-02-07 17:57:23,112 - LinkedInWatcher - ERROR - Error checking messages: Page.goto: Target page, context or browser has been closed
2026-02-07 17:57:23,113 - LinkedInWatcher - INFO - Checking connection requests...
2026-02-07 17:57:23,118 - LinkedInWatcher - ERROR - Error checking connection requests: Page.goto: Target page, context or browser has been closed
2026-02-07 17:57:23,119 - LinkedInWatcher - INFO - No new items
2026-02-07 17:57:23,119 - LinkedInWatcher - INFO - Sleeping for 300 seconds...
2026-02-07 17:57:56,095 - LinkedInWatcher - INFO - --- Check #40 ---
2026-02-07 17:57:56,097 - LinkedInWatcher - INFO - Checking notifications...
2026-02-07 17:57:56,128 - LinkedInWatcher - ERROR - Error checking notifications: Page.goto: Target page, context or browser has been closed
2026-02-07 17:57:56,129 - LinkedInWatcher - INFO - Checking messages...
2026-02-07 17:57:56,142 - LinkedInWatcher - ERROR - Error checking messages: Page.goto: Target page, context or browser has been closed
2026-02-07 17:57:56,143 - LinkedInWatcher - INFO - Checking connection requests...
2026-02-07 17:57:56,154 - LinkedInWatcher - ERROR - Error checking connection requests: Page.goto: Target page, context or browser has been closed
2026-02-07 17:57:56,155 - LinkedInWatcher - INFO - No new items
2026-02-07 17:57:56,155 - LinkedInWatcher - INFO - Sleeping for 300 seconds...
2026-02-07 18:02:23,120 - LinkedInWatcher - INFO - --- Check #42 ---
2026-02-07 18:02:23,120 - LinkedInWatcher - INFO - Checking notifications...
2026-02-07 18:02:23,129 - LinkedInWatcher - ERROR - Error checking notifications: Page.goto: Target page, context or browser has been closed
2026-02-07 18:02:23,131 - LinkedInWatcher - INFO - Checking messages...
2026-02-07 18:02:23,138 - LinkedInWatcher - ERROR - Error checking messages: Page.goto: Target page, context or browser has been closed
2026-02-07 18:02:23,139 - LinkedInWatcher - INFO - Checking connection requests...
2026-02-07 18:02:23,146 - LinkedInWatcher - ERROR - Error checking connection requests: Page.goto: Target page, context or browser has been closed
2026-02-07 18:02:23,147 - LinkedInWatcher - INFO - No new items
2026-02-07 18:02:23,147 - LinkedInWatcher - INFO - Sleeping for 300 seconds...
2026-02-07 18:02:56,156 - LinkedInWatcher - INFO - --- Check #41 ---
2026-02-07 18:02:56,157 - LinkedInWatcher - INFO - Checking notifications...
2026-02-07 18:02:56,171 - LinkedInWatcher - ERROR - Error checking notifications: Page.goto: Target page, context or browser has been closed
2026-02-07 18:02:56,171 - LinkedInWatcher - INFO - Checking messages...
2026-02-07 18:02:56,182 - LinkedInWatcher - ERROR - Error checking messages: Page.goto: Target page, context or browser has been closed
2026-02-07 18:02:56,182 - LinkedInWatcher - INFO - Checking connection requests...
2026-02-07 18:02:56,188 - LinkedInWatcher - ERROR - Error checking connection requests: Page.goto: Target page, context or browser has been closed
2026-02-07 18:02:56,188 - LinkedInWatcher - INFO - No new items
2026-02-07 18:02:56,188 - LinkedInWatcher - INFO - Sleeping for 300 seconds...
2026-02-07 18:07:23,149 - LinkedInWatcher - INFO - --- Check #43 ---
2026-02-07 18:07:23,150 - LinkedInWatcher - INFO - Checking notifications...
2026-02-07 18:07:23,160 - LinkedInWatcher - ERROR - Error checking notifications: Page.goto: Target page, context or browser has been closed
2026-02-07 18:07:23,160 - LinkedInWatcher - INFO - Checking messages...
2026-02-07 18:07:23,171 - LinkedInWatcher - ERROR - Error checking messages: Page.goto: Target page, context or browser has been closed
2026-02-07 18:07:23,172 - LinkedInWatcher - INFO - Checking connection requests...
2026-02-07 18:07:23,180 - LinkedInWatcher - ERROR - Error checking connection requests: Page.goto: Target page, context or browser has been closed
2026-02-07 18:07:23,181 - LinkedInWatcher - INFO - No new items
2026-02-07 18:07:23,181 - LinkedInWatcher - INFO - Sleeping for 300 seconds...
2026-02-07 18:07:56,190 - LinkedInWatcher - INFO - --- Check #42 ---
2026-02-07 18:07:56,192 - LinkedInWatcher - INFO - Checking notifications...
2026-02-07 18:07:56,210 - LinkedInWatcher - ERROR - Error checking notifications: Page.goto: Target page, context or browser has been closed
2026-02-07 18:07:56,211 - LinkedInWatcher - INFO - Checking messages...
2026-02-07 18:07:56,302 - LinkedInWatcher - ERROR - Error checking messages: Page.goto: Target page, context or browser has been closed
2026-02-07 18:07:56,302 - LinkedInWatcher - INFO - Checking connection requests...
2026-02-07 18:07:56,311 - LinkedInWatcher - ERROR - Error checking connection requests: Page.goto: Target page, context or browser has been closed
2026-02-07 18:07:56,311 - LinkedInWatcher - INFO - No new items
2026-02-07 18:07:56,312 - LinkedInWatcher - INFO - Sleeping for 300 seconds...
2026-02-07 18:12:23,182 - LinkedInWatcher - INFO - --- Check #44 ---
2026-02-07 18:12:23,183 - LinkedInWatcher - INFO - Checking notifications...
2026-02-07 18:12:23,197 - LinkedInWatcher - ERROR - Error checking notifications: Page.goto: Target page, context or browser has been closed
2026-02-07 18:12:23,198 - LinkedInWatcher - INFO - Checking messages...
2026-02-07 18:12:23,213 - LinkedInWatcher - ERROR - Error checking messages: Page.goto: Target page, context or browser has been closed
2026-02-07 18:12:23,214 - LinkedInWatcher - INFO - Checking connection requests...
2026-02-07 18:12:23,226 - LinkedInWatcher - ERROR - Error checking connection requests: Page.goto: Target page, context or browser has been closed
2026-02-07 18:12:23,228 - LinkedInWatcher - INFO - No new items
2026-02-07 18:12:23,228 - LinkedInWatcher - INFO - Sleeping for 300 seconds...
2026-02-07 18:12:56,313 - LinkedInWatcher - INFO - --- Check #43 ---
2026-02-07 18:12:56,314 - LinkedInWatcher - INFO - Checking notifications...
2026-02-07 18:12:56,325 - LinkedInWatcher - ERROR - Error checking notifications: Page.goto: Target page, context or browser has been closed
2026-02-07 18:12:56,326 - LinkedInWatcher - INFO - Checking messages...
2026-02-07 18:12:56,335 - LinkedInWatcher - ERROR - Error checking messages: Page.goto: Target page, context or browser has been closed
2026-02-07 18:12:56,335 - LinkedInWatcher - INFO - Checking connection requests...
2026-02-07 18:12:56,345 - LinkedInWatcher - ERROR - Error checking connection requests: Page.goto: Target page, context or browser has been closed
2026-02-07 18:12:56,346 - LinkedInWatcher - INFO - No new items
2026-02-07 18:12:56,346 - LinkedInWatcher - INFO - Sleeping for 300 seconds...
2026-02-07 18:17:23,230 - LinkedInWatcher - INFO - --- Check #45 ---
2026-02-07 18:17:23,231 - LinkedInWatcher - INFO - Checking notifications...
2026-02-07 18:17:23,246 - LinkedInWatcher - ERROR - Error checking notifications: Page.goto: Target page, context or browser has been closed
2026-02-07 18:17:23,247 - LinkedInWatcher - INFO - Checking messages...
2026-02-07 18:17:23,259 - LinkedInWatcher - ERROR - Error checking messages: Page.goto: Target page, context or browser has been closed
2026-02-07 18:17:23,260 - LinkedInWatcher - INFO - Checking connection requests...
2026-02-07 18:17:23,274 - LinkedInWatcher - ERROR - Error checking connection requests: Page.goto: Target page, context or browser has been closed
2026-02-07 18:17:23,275 - LinkedInWatcher - INFO - No new items
2026-02-07 18:17:23,275 - LinkedInWatcher - INFO - Sleeping for 300 seconds...
2026-02-07 18:17:56,348 - LinkedInWatcher - INFO - --- Check #44 ---
2026-02-07 18:17:56,349 - LinkedInWatcher - INFO - Checking notifications...
2026-02-07 18:17:56,369 - LinkedInWatcher - ERROR - Error checking notifications: Page.goto: Target page, context or browser has been closed
2026-02-07 18:17:56,370 - LinkedInWatcher - INFO - Checking messages...
2026-02-07 18:17:56,380 - LinkedInWatcher - ERROR - Error checking messages: Page.goto: Target page, context or browser has been closed
2026-02-07 18:17:56,381 - LinkedInWatcher - INFO - Checking connection requests...
2026-02-07 18:17:56,390 - LinkedInWatcher - ERROR - Error checking connection requests: Page.goto: Target page, context or browser has been closed
2026-02-07 18:17:56,391 - LinkedInWatcher - INFO - No new items
2026-02-07 18:17:56,391 - LinkedInWatcher - INFO - Sleeping for 300 seconds...
2026-02-07 18:22:23,277 - LinkedInWatcher - INFO - --- Check #46 ---
2026-02-07 18:22:23,278 - LinkedInWatcher - INFO - Checking notifications...
2026-02-07 18:22:23,301 - LinkedInWatcher - ERROR - Error checking notifications: Page.goto: Target page, context or browser has been closed
2026-02-07 18:22:23,302 - LinkedInWatcher - INFO - Checking messages...
2026-02-07 18:22:23,315 - LinkedInWatcher - ERROR - Error checking messages: Page.goto: Target page, context or browser has been closed
2026-02-07 18:22:23,315 - LinkedInWatcher - INFO - Checking connection requests...
2026-02-07 18:22:23,324 - LinkedInWatcher - ERROR - Error checking connection requests: Page.goto: Target page, context or browser has been closed
2026-02-07 18:22:23,325 - LinkedInWatcher - INFO - No new items
2026-02-07 18:22:23,325 - LinkedInWatcher - INFO - Sleeping for 300 seconds...
2026-02-07 18:22:56,392 - LinkedInWatcher - INFO - --- Check #45 ---
2026-02-07 18:22:56,393 - LinkedInWatcher - INFO - Checking notifications...
2026-02-07 18:22:56,411 - LinkedInWatcher - ERROR - Error checking notifications: Page.goto: Target page, context or browser has been closed
2026-02-07 18:22:56,411 - LinkedInWatcher - INFO - Checking messages...
2026-02-07 18:22:56,419 - LinkedInWatcher - ERROR - Error checking messages: Page.goto: Target page, context or browser has been closed
2026-02-07 18:22:56,419 - LinkedInWatcher - INFO - Checking connection requests...
2026-02-07 18:22:56,427 - LinkedInWatcher - ERROR - Error checking connection requests: Page.goto: Target page, context or browser has been closed
2026-02-07 18:22:56,427 - LinkedInWatcher - INFO - No new items
2026-02-07 18:22:56,428 - LinkedInWatcher - INFO - Sleeping for 300 seconds...
2026-02-07 18:27:23,327 - LinkedInWatcher - INFO - --- Check #47 ---
2026-02-07 18:27:23,327 - LinkedInWatcher - INFO - Checking notifications...
2026-02-07 18:27:23,332 - LinkedInWatcher - ERROR - Error checking notifications: Page.goto: Target page, context or browser has been closed
2026-02-07 18:27:23,332 - LinkedInWatcher - INFO - Checking messages...
2026-02-07 18:27:23,345 - LinkedInWatcher - ERROR - Error checking messages: Page.goto: Target page, context or browser has been closed
2026-02-07 18:27:23,345 - LinkedInWatcher - INFO - Checking connection requests...
2026-02-07 18:27:23,350 - LinkedInWatcher - ERROR - Error checking connection requests: Page.goto: Target page, context or browser has been closed
2026-02-07 18:27:23,350 - LinkedInWatcher - INFO - No new items
2026-02-07 18:27:23,351 - LinkedInWatcher - INFO - Sleeping for 300 seconds...
2026-02-07 18:27:56,429 - LinkedInWatcher - INFO - --- Check #46 ---
2026-02-07 18:27:56,430 - LinkedInWatcher - INFO - Checking notifications...
2026-02-07 18:27:56,442 - LinkedInWatcher - ERROR - Error checking notifications: Page.goto: Target page, context or browser has been closed
2026-02-07 18:27:56,442 - LinkedInWatcher - INFO - Checking messages...
2026-02-07 18:27:56,451 - LinkedInWatcher - ERROR - Error checking messages: Page.goto: Target page, context or browser has been closed
2026-02-07 18:27:56,451 - LinkedInWatcher - INFO - Checking connection requests...
2026-02-07 18:27:56,459 - LinkedInWatcher - ERROR - Error checking connection requests: Page.goto: Target page, context or browser has been closed
2026-02-07 18:27:56,460 - LinkedInWatcher - INFO - No new items
2026-02-07 18:27:56,460 - LinkedInWatcher - INFO - Sleeping for 300 seconds...
2026-02-07 18:32:23,353 - LinkedInWatcher - INFO - --- Check #48 ---
2026-02-07 18:32:23,354 - LinkedInWatcher - INFO - Checking notifications...
2026-02-07 18:32:23,366 - LinkedInWatcher - ERROR - Error checking notifications: Page.goto: Target page, context or browser has been closed
2026-02-07 18:32:23,367 - LinkedInWatcher - INFO - Checking messages...
2026-02-07 18:32:23,376 - LinkedInWatcher - ERROR - Error checking messages: Page.goto: Target page, context or browser has been closed
2026-02-07 18:32:23,377 - LinkedInWatcher - INFO - Checking connection requests...
2026-02-07 18:32:23,394 - LinkedInWatcher - ERROR - Error checking connection requests: Page.goto: Target page, context or browser has been closed
2026-02-07 18:32:23,395 - LinkedInWatcher - INFO - No new items
2026-02-07 18:32:23,395 - LinkedInWatcher - INFO - Sleeping for 300 seconds...
2026-02-07 18:32:56,462 - LinkedInWatcher - INFO - --- Check #47 ---
2026-02-07 18:32:56,463 - LinkedInWatcher - INFO - Checking notifications...
2026-02-07 18:32:56,474 - LinkedInWatcher - ERROR - Error checking notifications: Page.goto: Target page, context or browser has been closed
2026-02-07 18:32:56,475 - LinkedInWatcher - INFO - Checking messages...
2026-02-07 18:32:56,483 - LinkedInWatcher - ERROR - Error checking messages: Page.goto: Target page, context or browser has been closed
2026-02-07 18:32:56,483 - LinkedInWatcher - INFO - Checking connection requests...
2026-02-07 18:32:56,503 - LinkedInWatcher - ERROR - Error checking connection requests: Page.goto: Target page, context or browser has been closed
2026-02-07 18:32:56,503 - LinkedInWatcher - INFO - No new items
2026-02-07 18:32:56,504 - LinkedInWatcher - INFO - Sleeping for 300 seconds...
2026-02-07 18:37:23,396 - LinkedInWatcher - INFO - --- Check #49 ---
2026-02-07 18:37:23,397 - LinkedInWatcher - INFO - Checking notifications...
2026-02-07 18:37:23,404 - LinkedInWatcher - ERROR - Error checking notifications: Page.goto: Target page, context or browser has been closed
2026-02-07 18:37:23,404 - LinkedInWatcher - INFO - Checking messages...
2026-02-07 18:37:23,408 - LinkedInWatcher - ERROR - Error checking messages: Page.goto: Target page, context or browser has been closed
2026-02-07 18:37:23,409 - LinkedInWatcher - INFO - Checking connection requests...
2026-02-07 18:37:23,413 - LinkedInWatcher - ERROR - Error checking connection requests: Page.goto: Target page, context or browser has been closed
2026-02-07 18:37:23,413 - LinkedInWatcher - INFO - No new items
2026-02-07 18:37:23,413 - LinkedInWatcher - INFO - Sleeping for 300 seconds...
2026-02-07 18:37:56,505 - LinkedInWatcher - INFO - --- Check #48 ---
2026-02-07 18:37:56,506 - LinkedInWatcher - INFO - Checking notifications...
2026-02-07 18:37:56,518 - LinkedInWatcher - ERROR - Error checking notifications: Page.goto: Target page, context or browser has been closed
2026-02-07 18:37:56,518 - LinkedInWatcher - INFO - Checking messages...
2026-02-07 18:37:56,520 - LinkedInWatcher - ERROR - Error checking messages: Page.goto: Target page, context or browser has been closed
2026-02-07 18:37:56,520 - LinkedInWatcher - INFO - Checking connection requests...
2026-02-07 18:37:56,522 - LinkedInWatcher - ERROR - Error checking connection requests: Page.goto: Target page, context or browser has been closed
2026-02-07 18:37:56,522 - LinkedInWatcher - INFO - No new items
2026-02-07 18:37:56,522 - LinkedInWatcher - INFO - Sleeping for 300 seconds...
2026-02-07 18:42:23,414 - LinkedInWatcher - INFO - --- Check #50 ---
2026-02-07 18:42:23,414 - LinkedInWatcher - INFO - Checking notifications...
2026-02-07 18:42:23,417 - LinkedInWatcher - ERROR - Error checking notifications: Page.goto: Target page, context or browser has been closed
2026-02-07 18:42:23,417 - LinkedInWatcher - INFO - Checking messages...
2026-02-07 18:42:23,421 - LinkedInWatcher - ERROR - Error checking messages: Page.goto: Target page, context or browser has been closed
2026-02-07 18:42:23,421 - LinkedInWatcher - INFO - Checking connection requests...
2026-02-07 18:42:23,424 - LinkedInWatcher - ERROR - Error checking connection requests: Page.goto: Target page, context or browser has been closed
2026-02-07 18:42:23,424 - LinkedInWatcher - INFO - No new items
2026-02-07 18:42:23,424 - LinkedInWatcher - INFO - Sleeping for 300 seconds...
2026-02-07 18:42:56,523 - LinkedInWatcher - INFO - --- Check #49 ---
2026-02-07 18:42:56,524 - LinkedInWatcher - INFO - Checking notifications...
2026-02-07 18:42:56,529 - LinkedInWatcher - ERROR - Error checking notifications: Page.goto: Target page, context or browser has been closed
2026-02-07 18:42:56,529 - LinkedInWatcher - INFO - Checking messages...
2026-02-07 18:42:56,534 - LinkedInWatcher - ERROR - Error checking messages: Page.goto: Target page, context or browser has been closed
2026-02-07 18:42:56,534 - LinkedInWatcher - INFO - Checking connection requests...
2026-02-07 18:42:56,537 - LinkedInWatcher - ERROR - Error checking connection requests: Page.goto: Target page, context or browser has been closed
2026-02-07 18:42:56,538 - LinkedInWatcher - INFO - No new items
2026-02-07 18:42:56,538 - LinkedInWatcher - INFO - Sleeping for 300 seconds...
2026-02-07 18:47:23,425 - LinkedInWatcher - INFO - --- Check #51 ---
2026-02-07 18:47:23,426 - LinkedInWatcher - INFO - Checking notifications...
2026-02-07 18:47:23,444 - LinkedInWatcher - ERROR - Error checking notifications: Page.goto: Target page, context or browser has been closed
2026-02-07 18:47:23,444 - LinkedInWatcher - INFO - Checking messages...
2026-02-07 18:47:23,448 - LinkedInWatcher - ERROR - Error checking messages: Page.goto: Target page, context or browser has been closed
2026-02-07 18:47:23,448 - LinkedInWatcher - INFO - Checking connection requests...
2026-02-07 18:47:23,451 - LinkedInWatcher - ERROR - Error checking connection requests: Page.goto: Target page, context or browser has been closed
2026-02-07 18:47:23,451 - LinkedInWatcher - INFO - No new items
2026-02-07 18:47:23,451 - LinkedInWatcher - INFO - Sleeping for 300 seconds...
2026-02-07 18:47:56,539 - LinkedInWatcher - INFO - --- Check #50 ---
2026-02-07 18:47:56,539 - LinkedInWatcher - INFO - Checking notifications...
2026-02-07 18:47:56,551 - LinkedInWatcher - ERROR - Error checking notifications: Page.goto: Target page, context or browser has been closed
2026-02-07 18:47:56,552 - LinkedInWatcher - INFO - Checking messages...
2026-02-07 18:47:56,555 - LinkedInWatcher - ERROR - Error checking messages: Page.goto: Target page, context or browser has been closed
2026-02-07 18:47:56,555 - LinkedInWatcher - INFO - Checking connection requests...
2026-02-07 18:47:56,557 - LinkedInWatcher - ERROR - Error checking connection requests: Page.goto: Target page, context or browser has been closed
2026-02-07 18:47:56,558 - LinkedInWatcher - INFO - No new items
2026-02-07 18:47:56,558 - LinkedInWatcher - INFO - Sleeping for 300 seconds...
2026-02-07 18:57:28,753 - LinkedInWatcher - INFO - --- Check #52 ---
2026-02-07 18:57:28,753 - LinkedInWatcher - INFO - Checking notifications...
2026-02-07 18:57:28,753 - LinkedInWatcher - INFO - --- Check #51 ---
2026-02-07 18:57:28,753 - LinkedInWatcher - INFO - Checking notifications...
2026-02-07 18:57:28,778 - LinkedInWatcher - ERROR - Error checking notifications: Page.goto: Target page, context or browser has been closed
2026-02-07 18:57:28,779 - LinkedInWatcher - INFO - Checking messages...
2026-02-07 18:57:28,789 - LinkedInWatcher - ERROR - Error checking notifications: Page.goto: Target page, context or browser has been closed
2026-02-07 18:57:28,789 - LinkedInWatcher - INFO - Checking messages...
2026-02-07 18:57:28,789 - LinkedInWatcher - ERROR - Error checking messages: Page.goto: Target page, context or browser has been closed
2026-02-07 18:57:28,790 - LinkedInWatcher - INFO - Checking connection requests...
2026-02-07 18:57:28,799 - LinkedInWatcher - ERROR - Error checking connection requests: Page.goto: Target page, context or browser has been closed
2026-02-07 18:57:28,799 - LinkedInWatcher - INFO - No new items
2026-02-07 18:57:28,799 - LinkedInWatcher - INFO - Sleeping for 300 seconds...
2026-02-07 18:57:28,799 - LinkedInWatcher - ERROR - Error checking messages: Page.goto: Target page, context or browser has been closed
2026-02-07 18:57:28,799 - LinkedInWatcher - INFO - Checking connection requests...
2026-02-07 18:57:28,803 - LinkedInWatcher - ERROR - Error checking connection requests: Page.goto: Target page, context or browser has been closed
2026-02-07 18:57:28,804 - LinkedInWatcher - INFO - No new items
2026-02-07 18:57:28,804 - LinkedInWatcher - INFO - Sleeping for 300 seconds...
2026-02-07 19:02:28,800 - LinkedInWatcher - INFO - --- Check #53 ---
2026-02-07 19:02:28,800 - LinkedInWatcher - INFO - Checking notifications...
2026-02-07 19:02:28,803 - LinkedInWatcher - ERROR - Error checking notifications: Page.goto: Target page, context or browser has been closed
2026-02-07 19:02:28,803 - LinkedInWatcher - INFO - Checking messages...
2026-02-07 19:02:28,805 - LinkedInWatcher - INFO - --- Check #52 ---
2026-02-07 19:02:28,805 - LinkedInWatcher - INFO - Checking notifications...
2026-02-07 19:02:28,805 - LinkedInWatcher - ERROR - Error checking messages: Page.goto: Target page, context or browser has been closed
2026-02-07 19:02:28,806 - LinkedInWatcher - INFO - Checking connection requests...
2026-02-07 19:02:28,807 - LinkedInWatcher - ERROR - Error checking notifications: Page.goto: Target page, context or browser has been closed
2026-02-07 19:02:28,807 - LinkedInWatcher - INFO - Checking messages...
2026-02-07 19:02:28,807 - LinkedInWatcher - ERROR - Error checking connection requests: Page.goto: Target page, context or browser has been closed
2026-02-07 19:02:28,808 - LinkedInWatcher - INFO - No new items
2026-02-07 19:02:28,808 - LinkedInWatcher - INFO - Sleeping for 300 seconds...
2026-02-07 19:02:28,810 - LinkedInWatcher - ERROR - Error checking messages: Page.goto: Target page, context or browser has been closed
2026-02-07 19:02:28,810 - LinkedInWatcher - INFO - Checking connection requests...
2026-02-07 19:02:28,813 - LinkedInWatcher - ERROR - Error checking connection requests: Page.goto: Target page, context or browser has been closed
2026-02-07 19:02:28,813 - LinkedInWatcher - INFO - No new items
2026-02-07 19:02:28,813 - LinkedInWatcher - INFO - Sleeping for 300 seconds...
2026-02-07 19:10:19,838 - LinkedInWatcher - INFO - --- Check #54 ---
2026-02-07 19:10:19,839 - LinkedInWatcher - INFO - --- Check #53 ---
2026-02-07 19:10:19,839 - LinkedInWatcher - INFO - Checking notifications...
2026-02-07 19:10:19,839 - LinkedInWatcher - INFO - Checking notifications...
2026-02-07 19:10:19,874 - LinkedInWatcher - ERROR - Error checking notifications: Page.goto: Target page, context or browser has been closed
2026-02-07 19:10:19,874 - LinkedInWatcher - ERROR - Error checking notifications: Page.goto: Target page, context or browser has been closed
2026-02-07 19:10:19,874 - LinkedInWatcher - INFO - Checking messages...
2026-02-07 19:10:19,874 - LinkedInWatcher - INFO - Checking messages...
2026-02-07 19:10:19,882 - LinkedInWatcher - ERROR - Error checking messages: Page.goto: Target page, context or browser has been closed
2026-02-07 19:10:19,882 - LinkedInWatcher - INFO - Checking connection requests...
2026-02-07 19:10:19,882 - LinkedInWatcher - ERROR - Error checking messages: Page.goto: Target page, context or browser has been closed
2026-02-07 19:10:19,882 - LinkedInWatcher - INFO - Checking connection requests...
2026-02-07 19:10:19,886 - LinkedInWatcher - ERROR - Error checking connection requests: Page.goto: Target page, context or browser has been closed
2026-02-07 19:10:19,886 - LinkedInWatcher - INFO - No new items
2026-02-07 19:10:19,886 - LinkedInWatcher - INFO - Sleeping for 300 seconds...
2026-02-07 19:10:19,888 - LinkedInWatcher - ERROR - Error checking connection requests: Page.goto: Target page, context or browser has been closed
2026-02-07 19:10:19,888 - LinkedInWatcher - INFO - No new items
2026-02-07 19:10:19,888 - LinkedInWatcher - INFO - Sleeping for 300 seconds...
2026-02-07 19:15:19,888 - LinkedInWatcher - INFO - --- Check #55 ---
2026-02-07 19:15:19,888 - LinkedInWatcher - INFO - Checking notifications...
2026-02-07 19:15:19,889 - LinkedInWatcher - INFO - --- Check #54 ---
2026-02-07 19:15:19,889 - LinkedInWatcher - INFO - Checking notifications...
2026-02-07 19:15:19,892 - LinkedInWatcher - ERROR - Error checking notifications: Page.goto: Target page, context or browser has been closed
2026-02-07 19:15:19,892 - LinkedInWatcher - INFO - Checking messages...
2026-02-07 19:15:19,892 - LinkedInWatcher - ERROR - Error checking notifications: Page.goto: Target page, context or browser has been closed
2026-02-07 19:15:19,892 - LinkedInWatcher - INFO - Checking messages...
2026-02-07 19:15:19,894 - LinkedInWatcher - ERROR - Error checking messages: Page.goto: Target page, context or browser has been closed
2026-02-07 19:15:19,894 - LinkedInWatcher - INFO - Checking connection requests...
2026-02-07 19:15:19,894 - LinkedInWatcher - ERROR - Error checking messages: Page.goto: Target page, context or browser has been closed
2026-02-07 19:15:19,894 - LinkedInWatcher - INFO - Checking connection requests...
2026-02-07 19:15:19,894 - LinkedInWatcher - ERROR - Error checking connection requests: Page.goto: Target page, context or browser has been closed
2026-02-07 19:15:19,894 - LinkedInWatcher - INFO - No new items
2026-02-07 19:15:19,894 - LinkedInWatcher - INFO - Sleeping for 300 seconds...
2026-02-07 19:15:19,894 - LinkedInWatcher - ERROR - Error checking connection requests: Page.goto: Target page, context or browser has been closed
2026-02-07 19:15:19,894 - LinkedInWatcher - INFO - No new items
2026-02-07 19:15:19,894 - LinkedInWatcher - INFO - Sleeping for 300 seconds...
2026-02-07 19:20:58,283 - LinkedInWatcher - INFO - --- Check #56 ---
2026-02-07 19:20:58,285 - LinkedInWatcher - INFO - Checking notifications...
2026-02-07 19:20:58,285 - LinkedInWatcher - INFO - --- Check #55 ---
2026-02-07 19:20:58,285 - LinkedInWatcher - INFO - Checking notifications...
2026-02-07 19:20:58,766 - LinkedInWatcher - ERROR - Error checking notifications: Page.goto: Target page, context or browser has been closed
2026-02-07 19:20:58,766 - LinkedInWatcher - INFO - Checking messages...
2026-02-07 19:20:58,796 - LinkedInWatcher - ERROR - Error checking notifications: Page.goto: Target page, context or browser has been closed
2026-02-07 19:20:58,798 - LinkedInWatcher - INFO - Checking messages...
2026-02-07 19:20:58,880 - LinkedInWatcher - ERROR - Error checking messages: Page.goto: Target page, context or browser has been closed
2026-02-07 19:20:58,882 - LinkedInWatcher - INFO - Checking connection requests...
2026-02-07 19:20:58,891 - LinkedInWatcher - ERROR - Error checking messages: Page.goto: Target page, context or browser has been closed
2026-02-07 19:20:58,892 - LinkedInWatcher - INFO - Checking connection requests...
2026-02-07 19:20:58,918 - LinkedInWatcher - ERROR - Error checking connection requests: Page.goto: Target page, context or browser has been closed
2026-02-07 19:20:58,920 - LinkedInWatcher - INFO - No new items
2026-02-07 19:20:58,920 - LinkedInWatcher - INFO - Sleeping for 300 seconds...
2026-02-07 19:20:58,943 - LinkedInWatcher - ERROR - Error checking connection requests: Page.goto: Target page, context or browser has been closed
2026-02-07 19:20:58,945 - LinkedInWatcher - INFO - No new items
2026-02-07 19:20:58,945 - LinkedInWatcher - INFO - Sleeping for 300 seconds...
2026-02-07 19:29:55,193 - LinkedInWatcher - INFO - --- Check #57 ---
2026-02-07 19:29:55,193 - LinkedInWatcher - INFO - Checking notifications...
2026-02-07 19:29:55,214 - LinkedInWatcher - ERROR - Error checking notifications: Page.goto: Target page, context or browser has been closed
2026-02-07 19:29:55,215 - LinkedInWatcher - INFO - Checking messages...
2026-02-07 19:29:55,217 - LinkedInWatcher - INFO - --- Check #56 ---
2026-02-07 19:29:55,217 - LinkedInWatcher - INFO - Checking notifications...
2026-02-07 19:29:55,231 - LinkedInWatcher - ERROR - Error checking messages: Page.goto: Target page, context or browser has been closed
2026-02-07 19:29:55,232 - LinkedInWatcher - ERROR - Error checking notifications: Page.goto: Target page, context or browser has been closed
2026-02-07 19:29:55,232 - LinkedInWatcher - INFO - Checking connection requests...
2026-02-07 19:29:55,233 - LinkedInWatcher - INFO - Checking messages...
2026-02-07 19:29:55,243 - LinkedInWatcher - ERROR - Error checking messages: Page.goto: Target page, context or browser has been closed
2026-02-07 19:29:55,243 - LinkedInWatcher - INFO - Checking connection requests...
2026-02-07 19:29:55,250 - LinkedInWatcher - ERROR - Error checking connection requests: Page.goto: Target page, context or browser has been closed
2026-02-07 19:29:55,250 - LinkedInWatcher - INFO - No new items
2026-02-07 19:29:55,251 - LinkedInWatcher - INFO - Sleeping for 300 seconds...
2026-02-07 19:29:55,251 - LinkedInWatcher - ERROR - Error checking connection requests: Page.goto: Target page, context or browser has been closed
2026-02-07 19:29:55,251 - LinkedInWatcher - INFO - No new items
2026-02-07 19:29:55,251 - LinkedInWatcher - INFO - Sleeping for 300 seconds...
2026-02-07 19:34:55,253 - LinkedInWatcher - INFO - --- Check #58 ---
2026-02-07 19:34:55,253 - LinkedInWatcher - INFO - Checking notifications...
2026-02-07 19:34:55,257 - LinkedInWatcher - INFO - --- Check #57 ---
2026-02-07 19:34:55,257 - LinkedInWatcher - INFO - Checking notifications...
2026-02-07 19:34:55,259 - LinkedInWatcher - ERROR - Error checking notifications: Page.goto: Target page, context or browser has been closed
2026-02-07 19:34:55,259 - LinkedInWatcher - INFO - Checking messages...
2026-02-07 19:34:55,264 - LinkedInWatcher - ERROR - Error checking messages: Page.goto: Target page, context or browser has been closed
2026-02-07 19:34:55,264 - LinkedInWatcher - INFO - Checking connection requests...
2026-02-07 19:34:55,264 - LinkedInWatcher - ERROR - Error checking notifications: Page.goto: Target page, context or browser has been closed
2026-02-07 19:34:55,264 - LinkedInWatcher - INFO - Checking messages...
2026-02-07 19:34:55,267 - LinkedInWatcher - ERROR - Error checking connection requests: Page.goto: Target page, context or browser has been closed
2026-02-07 19:34:55,270 - LinkedInWatcher - INFO - No new items
2026-02-07 19:34:55,270 - LinkedInWatcher - INFO - Sleeping for 300 seconds...
2026-02-07 19:34:55,270 - LinkedInWatcher - ERROR - Error checking messages: Page.goto: Target page, context or browser has been closed
2026-02-07 19:34:55,271 - LinkedInWatcher - INFO - Checking connection requests...
2026-02-07 19:34:55,275 - LinkedInWatcher - ERROR - Error checking connection requests: Page.goto: Target page, context or browser has been closed
2026-02-07 19:34:55,275 - LinkedInWatcher - INFO - No new items
2026-02-07 19:34:55,275 - LinkedInWatcher - INFO - Sleeping for 300 seconds...
2026-02-07 19:39:55,270 - LinkedInWatcher - INFO - --- Check #59 ---
2026-02-07 19:39:55,271 - LinkedInWatcher - INFO - Checking notifications...
2026-02-07 19:39:55,278 - LinkedInWatcher - INFO - --- Check #58 ---
2026-02-07 19:39:55,278 - LinkedInWatcher - INFO - Checking notifications...
2026-02-07 19:39:55,295 - LinkedInWatcher - ERROR - Error checking notifications: Page.goto: Target page, context or browser has been closed
2026-02-07 19:39:55,295 - LinkedInWatcher - INFO - Checking messages...
2026-02-07 19:39:55,295 - LinkedInWatcher - ERROR - Error checking notifications: Page.goto: Target page, context or browser has been closed
2026-02-07 19:39:55,295 - LinkedInWatcher - INFO - Checking messages...
2026-02-07 19:39:55,307 - LinkedInWatcher - ERROR - Error checking messages: Page.goto: Target page, context or browser has been closed
2026-02-07 19:39:55,307 - LinkedInWatcher - INFO - Checking connection requests...
2026-02-07 19:39:55,311 - LinkedInWatcher - ERROR - Error checking messages: Page.goto: Target page, context or browser has been closed
2026-02-07 19:39:55,311 - LinkedInWatcher - INFO - Checking connection requests...
2026-02-07 19:39:55,316 - LinkedInWatcher - ERROR - Error checking connection requests: Page.goto: Target page, context or browser has been closed
2026-02-07 19:39:55,316 - LinkedInWatcher - INFO - No new items
2026-02-07 19:39:55,318 - LinkedInWatcher - INFO - Sleeping for 300 seconds...
2026-02-07 19:39:55,322 - LinkedInWatcher - ERROR - Error checking connection requests: Page.goto: Target page, context or browser has been closed
2026-02-07 19:39:55,325 - LinkedInWatcher - INFO - No new items
2026-02-07 19:39:55,325 - LinkedInWatcher - INFO - Sleeping for 300 seconds...
2026-02-07 19:44:55,320 - LinkedInWatcher - INFO - --- Check #60 ---
2026-02-07 19:44:55,321 - LinkedInWatcher - INFO - Checking notifications...
2026-02-07 19:44:55,326 - LinkedInWatcher - INFO - --- Check #59 ---
2026-02-07 19:44:55,326 - LinkedInWatcher - INFO - Checking notifications...
2026-02-07 19:44:55,330 - LinkedInWatcher - ERROR - Error checking notifications: Page.goto: Target page, context or browser has been closed
2026-02-07 19:44:55,333 - LinkedInWatcher - INFO - Checking messages...
2026-02-07 19:44:55,342 - LinkedInWatcher - ERROR - Error checking messages: Page.goto: Target page, context or browser has been closed
2026-02-07 19:44:55,342 - LinkedInWatcher - INFO - Checking connection requests...
2026-02-07 19:44:55,345 - LinkedInWatcher - ERROR - Error checking notifications: Page.goto: Target page, context or browser has been closed
2026-02-07 19:44:55,345 - LinkedInWatcher - INFO - Checking messages...
2026-02-07 19:44:55,353 - LinkedInWatcher - ERROR - Error checking connection requests: Page.goto: Target page, context or browser has been closed
2026-02-07 19:44:55,353 - LinkedInWatcher - INFO - No new items
2026-02-07 19:44:55,356 - LinkedInWatcher - INFO - Sleeping for 300 seconds...
2026-02-07 19:44:55,357 - LinkedInWatcher - ERROR - Error checking messages: Page.goto: Target page, context or browser has been closed
2026-02-07 19:44:55,357 - LinkedInWatcher - INFO - Checking connection requests...
2026-02-07 19:44:55,360 - LinkedInWatcher - ERROR - Error checking connection requests: Page.goto: Target page, context or browser has been closed
2026-02-07 19:44:55,360 - LinkedInWatcher - INFO - No new items
2026-02-07 19:44:55,370 - LinkedInWatcher - INFO - Sleeping for 300 seconds...
2026-02-07 19:49:55,358 - LinkedInWatcher - INFO - --- Check #61 ---
2026-02-07 19:49:55,358 - LinkedInWatcher - INFO - Checking notifications...
2026-02-07 19:49:55,372 - LinkedInWatcher - INFO - --- Check #60 ---
2026-02-07 19:49:55,372 - LinkedInWatcher - INFO - Checking notifications...
2026-02-07 19:49:55,378 - LinkedInWatcher - ERROR - Error checking notifications: Page.goto: Target page, context or browser has been closed
2026-02-07 19:49:55,378 - LinkedInWatcher - INFO - Checking messages...
2026-02-07 19:49:55,385 - LinkedInWatcher - ERROR - Error checking messages: Page.goto: Target page, context or browser has been closed
2026-02-07 19:49:55,385 - LinkedInWatcher - INFO - Checking connection requests...
2026-02-07 19:49:55,387 - LinkedInWatcher - ERROR - Error checking connection requests: Page.goto: Target page, context or browser has been closed
2026-02-07 19:49:55,393 - LinkedInWatcher - INFO - No new items
2026-02-07 19:49:55,393 - LinkedInWatcher - INFO - Sleeping for 300 seconds...
2026-02-07 19:49:55,394 - LinkedInWatcher - ERROR - Error checking notifications: Page.goto: Target page, context or browser has been closed
2026-02-07 19:49:55,396 - LinkedInWatcher - INFO - Checking messages...
2026-02-07 19:49:55,396 - LinkedInWatcher - ERROR - Error checking messages: Page.goto: Target page, context or browser has been closed
2026-02-07 19:49:55,396 - LinkedInWatcher - INFO - Checking connection requests...
2026-02-07 19:49:55,396 - LinkedInWatcher - ERROR - Error checking connection requests: Page.goto: Target page, context or browser has been closed
2026-02-07 19:49:55,396 - LinkedInWatcher - INFO - No new items
2026-02-07 19:49:55,396 - LinkedInWatcher - INFO - Sleeping for 300 seconds...
2026-02-07 19:54:55,395 - LinkedInWatcher - INFO - --- Check #61 ---
2026-02-07 19:54:55,395 - LinkedInWatcher - INFO - Checking notifications...
2026-02-07 19:54:55,406 - LinkedInWatcher - INFO - --- Check #62 ---
2026-02-07 19:54:55,408 - LinkedInWatcher - INFO - Checking notifications...
2026-02-07 19:54:55,409 - LinkedInWatcher - ERROR - Error checking notifications: Page.goto: Target page, context or browser has been closed
2026-02-07 19:54:55,411 - LinkedInWatcher - INFO - Checking messages...
2026-02-07 19:54:55,423 - LinkedInWatcher - ERROR - Error checking notifications: Page.goto: Target page, context or browser has been closed
2026-02-07 19:54:55,423 - LinkedInWatcher - INFO - Checking messages...
2026-02-07 19:54:55,425 - LinkedInWatcher - ERROR - Error checking messages: Page.goto: Target page, context or browser has been closed
2026-02-07 19:54:55,425 - LinkedInWatcher - INFO - Checking connection requests...
2026-02-07 19:54:55,434 - LinkedInWatcher - ERROR - Error checking messages: Page.goto: Target page, context or browser has been closed
2026-02-07 19:54:55,434 - LinkedInWatcher - INFO - Checking connection requests...
2026-02-07 19:54:55,436 - LinkedInWatcher - ERROR - Error checking connection requests: Page.goto: Target page, context or browser has been closed
2026-02-07 19:54:55,436 - LinkedInWatcher - INFO - No new items
2026-02-07 19:54:55,436 - LinkedInWatcher - INFO - Sleeping for 300 seconds...
2026-02-07 19:54:55,436 - LinkedInWatcher - ERROR - Error checking connection requests: Page.goto: Target page, context or browser has been closed
2026-02-07 19:54:55,436 - LinkedInWatcher - INFO - No new items
2026-02-07 19:54:55,436 - LinkedInWatcher - INFO - Sleeping for 300 seconds...
2026-02-07 19:59:55,438 - LinkedInWatcher - INFO - --- Check #62 ---
2026-02-07 19:59:55,438 - LinkedInWatcher - INFO - Checking notifications...
2026-02-07 19:59:55,451 - LinkedInWatcher - INFO - --- Check #63 ---
2026-02-07 19:59:55,451 - LinkedInWatcher - INFO - Checking notifications...
2026-02-07 19:59:55,455 - LinkedInWatcher - ERROR - Error checking notifications: Page.goto: Target page, context or browser has been closed
2026-02-07 19:59:55,455 - LinkedInWatcher - INFO - Checking messages...
2026-02-07 19:59:55,459 - LinkedInWatcher - ERROR - Error checking notifications: Page.goto: Target page, context or browser has been closed
2026-02-07 19:59:55,459 - LinkedInWatcher - INFO - Checking messages...
2026-02-07 19:59:55,459 - LinkedInWatcher - ERROR - Error checking messages: Page.goto: Target page, context or browser has been closed
2026-02-07 19:59:55,459 - LinkedInWatcher - INFO - Checking connection requests...
2026-02-07 19:59:55,467 - LinkedInWatcher - ERROR - Error checking messages: Page.goto: Target page, context or browser has been closed
2026-02-07 19:59:55,467 - LinkedInWatcher - INFO - Checking connection requests...
2026-02-07 19:59:55,469 - LinkedInWatcher - ERROR - Error checking connection requests: Page.goto: Target page, context or browser has been closed
2026-02-07 19:59:55,469 - LinkedInWatcher - INFO - No new items
2026-02-07 19:59:55,469 - LinkedInWatcher - INFO - Sleeping for 300 seconds...
2026-02-07 19:59:55,472 - LinkedInWatcher - ERROR - Error checking connection requests: Page.goto: Target page, context or browser has been closed
2026-02-07 19:59:55,472 - LinkedInWatcher - INFO - No new items
2026-02-07 19:59:55,472 - LinkedInWatcher - INFO - Sleeping for 300 seconds...
2026-02-07 20:04:55,471 - LinkedInWatcher - INFO - --- Check #63 ---
2026-02-07 20:04:55,472 - LinkedInWatcher - INFO - Checking notifications...
2026-02-07 20:04:55,475 - LinkedInWatcher - INFO - --- Check #64 ---
2026-02-07 20:04:55,476 - LinkedInWatcher - INFO - Checking notifications...
2026-02-07 20:04:55,485 - LinkedInWatcher - ERROR - Error checking notifications: Page.goto: Target page, context or browser has been closed
2026-02-07 20:04:55,486 - LinkedInWatcher - INFO - Checking messages...
2026-02-07 20:04:55,489 - LinkedInWatcher - ERROR - Error checking notifications: Page.goto: Target page, context or browser has been closed
2026-02-07 20:04:55,490 - LinkedInWatcher - INFO - Checking messages...
2026-02-07 20:04:55,494 - LinkedInWatcher - ERROR - Error checking messages: Page.goto: Target page, context or browser has been closed
2026-02-07 20:04:55,494 - LinkedInWatcher - INFO - Checking connection requests...
2026-02-07 20:04:55,496 - LinkedInWatcher - ERROR - Error checking messages: Page.goto: Target page, context or browser has been closed
2026-02-07 20:04:55,496 - LinkedInWatcher - INFO - Checking connection requests...
2026-02-07 20:04:55,501 - LinkedInWatcher - ERROR - Error checking connection requests: Page.goto: Target page, context or browser has been closed
2026-02-07 20:04:55,501 - LinkedInWatcher - INFO - No new items
2026-02-07 20:04:55,501 - LinkedInWatcher - INFO - Sleeping for 300 seconds...
2026-02-07 20:04:55,501 - LinkedInWatcher - ERROR - Error checking connection requests: Page.goto: Target page, context or browser has been closed
2026-02-07 20:04:55,501 - LinkedInWatcher - INFO - No new items
2026-02-07 20:04:55,501 - LinkedInWatcher - INFO - Sleeping for 300 seconds...
2026-02-07 20:09:55,503 - LinkedInWatcher - INFO - --- Check #65 ---
2026-02-07 20:09:55,504 - LinkedInWatcher - INFO - --- Check #64 ---
2026-02-07 20:09:55,504 - LinkedInWatcher - INFO - Checking notifications...
2026-02-07 20:09:55,504 - LinkedInWatcher - INFO - Checking notifications...
2026-02-07 20:09:55,520 - LinkedInWatcher - ERROR - Error checking notifications: Page.goto: Target page, context or browser has been closed
2026-02-07 20:09:55,520 - LinkedInWatcher - ERROR - Error checking notifications: Page.goto: Target page, context or browser has been closed
2026-02-07 20:09:55,522 - LinkedInWatcher - INFO - Checking messages...
2026-02-07 20:09:55,523 - LinkedInWatcher - INFO - Checking messages...
2026-02-07 20:09:55,536 - LinkedInWatcher - ERROR - Error checking messages: Page.goto: Target page, context or browser has been closed
2026-02-07 20:09:55,537 - LinkedInWatcher - INFO - Checking connection requests...
2026-02-07 20:09:55,536 - LinkedInWatcher - ERROR - Error checking messages: Page.goto: Target page, context or browser has been closed
2026-02-07 20:09:55,537 - LinkedInWatcher - INFO - Checking connection requests...
2026-02-07 20:09:55,548 - LinkedInWatcher - ERROR - Error checking connection requests: Page.goto: Target page, context or browser has been closed
2026-02-07 20:09:55,551 - LinkedInWatcher - INFO - No new items
2026-02-07 20:09:55,551 - LinkedInWatcher - INFO - Sleeping for 300 seconds...
2026-02-07 20:09:55,553 - LinkedInWatcher - ERROR - Error checking connection requests: Page.goto: Target page, context or browser has been closed
2026-02-07 20:09:55,553 - LinkedInWatcher - INFO - No new items
2026-02-07 20:09:55,553 - LinkedInWatcher - INFO - Sleeping for 300 seconds...
2026-02-07 20:14:55,554 - LinkedInWatcher - INFO - --- Check #66 ---
2026-02-07 20:14:55,554 - LinkedInWatcher - INFO - Checking notifications...
2026-02-07 20:14:55,556 - LinkedInWatcher - INFO - --- Check #65 ---
2026-02-07 20:14:55,556 - LinkedInWatcher - INFO - Checking notifications...
2026-02-07 20:14:55,568 - LinkedInWatcher - ERROR - Error checking notifications: Page.goto: Target page, context or browser has been closed
2026-02-07 20:14:55,568 - LinkedInWatcher - ERROR - Error checking notifications: Page.goto: Target page, context or browser has been closed
2026-02-07 20:14:55,568 - LinkedInWatcher - INFO - Checking messages...
2026-02-07 20:14:55,568 - LinkedInWatcher - INFO - Checking messages...
2026-02-07 20:14:55,572 - LinkedInWatcher - ERROR - Error checking messages: Page.goto: Target page, context or browser has been closed
2026-02-07 20:14:55,572 - LinkedInWatcher - INFO - Checking connection requests...
2026-02-07 20:14:55,577 - LinkedInWatcher - ERROR - Error checking messages: Page.goto: Target page, context or browser has been closed
2026-02-07 20:14:55,577 - LinkedInWatcher - INFO - Checking connection requests...
2026-02-07 20:14:55,577 - LinkedInWatcher - ERROR - Error checking connection requests: Page.goto: Target page, context or browser has been closed
2026-02-07 20:14:55,577 - LinkedInWatcher - INFO - No new items
2026-02-07 20:14:55,581 - LinkedInWatcher - INFO - Sleeping for 300 seconds...
2026-02-07 20:14:55,582 - LinkedInWatcher - ERROR - Error checking connection requests: Page.goto: Target page, context or browser has been closed
2026-02-07 20:14:55,583 - LinkedInWatcher - INFO - No new items
2026-02-07 20:14:55,583 - LinkedInWatcher - INFO - Sleeping for 300 seconds...
2026-02-07 20:19:55,581 - LinkedInWatcher - INFO - --- Check #67 ---
2026-02-07 20:19:55,581 - LinkedInWatcher - INFO - Checking notifications...
2026-02-07 20:19:55,584 - LinkedInWatcher - INFO - --- Check #66 ---
2026-02-07 20:19:55,584 - LinkedInWatcher - INFO - Checking notifications...
2026-02-07 20:19:55,601 - LinkedInWatcher - ERROR - Error checking notifications: Page.goto: Target page, context or browser has been closed
2026-02-07 20:19:55,601 - LinkedInWatcher - INFO - Checking messages...
2026-02-07 20:19:55,601 - LinkedInWatcher - ERROR - Error checking notifications: Page.goto: Target page, context or browser has been closed
2026-02-07 20:19:55,601 - LinkedInWatcher - INFO - Checking messages...
2026-02-07 20:19:55,618 - LinkedInWatcher - ERROR - Error checking messages: Page.goto: Target page, context or browser has been closed
2026-02-07 20:19:55,618 - LinkedInWatcher - INFO - Checking connection requests...
2026-02-07 20:19:55,622 - LinkedInWatcher - ERROR - Error checking messages: Page.goto: Target page, context or browser has been closed
2026-02-07 20:19:55,622 - LinkedInWatcher - INFO - Checking connection requests...
2026-02-07 20:19:55,633 - LinkedInWatcher - ERROR - Error checking connection requests: Page.goto: Target page, context or browser has been closed
2026-02-07 20:19:55,633 - LinkedInWatcher - INFO - No new items
2026-02-07 20:19:55,635 - LinkedInWatcher - INFO - Sleeping for 300 seconds...
2026-02-07 20:19:55,635 - LinkedInWatcher - ERROR - Error checking connection requests: Page.goto: Target page, context or browser has been closed
2026-02-07 20:19:55,635 - LinkedInWatcher - INFO - No new items
2026-02-07 20:19:55,640 - LinkedInWatcher - INFO - Sleeping for 300 seconds...
2026-02-07 20:24:55,637 - LinkedInWatcher - INFO - --- Check #67 ---
2026-02-07 20:24:55,637 - LinkedInWatcher - INFO - Checking notifications...
2026-02-07 20:24:55,641 - LinkedInWatcher - INFO - --- Check #68 ---
2026-02-07 20:24:55,643 - LinkedInWatcher - INFO - Checking notifications...
2026-02-07 20:24:55,654 - LinkedInWatcher - ERROR - Error checking notifications: Page.goto: Target page, context or browser has been closed
2026-02-07 20:24:55,654 - LinkedInWatcher - INFO - Checking messages...
2026-02-07 20:24:55,657 - LinkedInWatcher - ERROR - Error checking notifications: Page.goto: Target page, context or browser has been closed
2026-02-07 20:24:55,657 - LinkedInWatcher - INFO - Checking messages...
2026-02-07 20:24:55,668 - LinkedInWatcher - ERROR - Error checking messages: Page.goto: Target page, context or browser has been closed
2026-02-07 20:24:55,668 - LinkedInWatcher - INFO - Checking connection requests...
2026-02-07 20:24:55,681 - LinkedInWatcher - ERROR - Error checking messages: Page.goto: Target page, context or browser has been closed
2026-02-07 20:24:55,681 - LinkedInWatcher - INFO - Checking connection requests...
2026-02-07 20:24:55,686 - LinkedInWatcher - ERROR - Error checking connection requests: Page.goto: Target page, context or browser has been closed
2026-02-07 20:24:55,687 - LinkedInWatcher - INFO - No new items
2026-02-07 20:24:55,687 - LinkedInWatcher - INFO - Sleeping for 300 seconds...
2026-02-07 20:24:55,691 - LinkedInWatcher - ERROR - Error checking connection requests: Page.goto: Target page, context or browser has been closed
2026-02-07 20:24:55,691 - LinkedInWatcher - INFO - No new items
2026-02-07 20:24:55,691 - LinkedInWatcher - INFO - Sleeping for 300 seconds...
2026-02-07 20:29:55,688 - LinkedInWatcher - INFO - --- Check #68 ---
2026-02-07 20:29:55,688 - LinkedInWatcher - INFO - Checking notifications...
2026-02-07 20:29:55,693 - LinkedInWatcher - INFO - --- Check #69 ---
2026-02-07 20:29:55,693 - LinkedInWatcher - INFO - Checking notifications...
2026-02-07 20:29:55,712 - LinkedInWatcher - ERROR - Error checking notifications: Page.goto: Target page, context or browser has been closed
2026-02-07 20:29:55,712 - LinkedInWatcher - INFO - Checking messages...
2026-02-07 20:29:55,712 - LinkedInWatcher - ERROR - Error checking notifications: Page.goto: Target page, context or browser has been closed
2026-02-07 20:29:55,712 - LinkedInWatcher - INFO - Checking messages...
2026-02-07 20:29:55,721 - LinkedInWatcher - ERROR - Error checking messages: Page.goto: Target page, context or browser has been closed
2026-02-07 20:29:55,723 - LinkedInWatcher - INFO - Checking connection requests...
2026-02-07 20:29:55,723 - LinkedInWatcher - ERROR - Error checking messages: Page.goto: Target page, context or browser has been closed
2026-02-07 20:29:55,723 - LinkedInWatcher - INFO - Checking connection requests...
2026-02-07 20:29:55,727 - LinkedInWatcher - ERROR - Error checking connection requests: Page.goto: Target page, context or browser has been closed
2026-02-07 20:29:55,727 - LinkedInWatcher - INFO - No new items
2026-02-07 20:29:55,734 - LinkedInWatcher - INFO - Sleeping for 300 seconds...
2026-02-07 20:29:55,734 - LinkedInWatcher - ERROR - Error checking connection requests: Page.goto: Target page, context or browser has been closed
2026-02-07 20:29:55,736 - LinkedInWatcher - INFO - No new items
2026-02-07 20:29:55,736 - LinkedInWatcher - INFO - Sleeping for 300 seconds...
2026-02-07 20:34:55,736 - LinkedInWatcher - INFO - --- Check #69 ---
2026-02-07 20:34:55,737 - LinkedInWatcher - INFO - Checking notifications...
2026-02-07 20:34:55,737 - LinkedInWatcher - INFO - --- Check #70 ---
2026-02-07 20:34:55,737 - LinkedInWatcher - INFO - Checking notifications...
2026-02-07 20:34:55,750 - LinkedInWatcher - ERROR - Error checking notifications: Page.goto: Target page, context or browser has been closed
2026-02-07 20:34:55,750 - LinkedInWatcher - INFO - Checking messages...
2026-02-07 20:34:55,750 - LinkedInWatcher - INFO - Checking messages...
2026-02-07 20:34:55,761 - LinkedInWatcher - ERROR - Error checking messages: Page.goto: Target page, context or browser has been closed
2026-02-07 20:34:55,761 - LinkedInWatcher - INFO - Checking connection requests...
2026-02-07 20:34:55,764 - LinkedInWatcher - ERROR - Error checking messages: Page.goto: Target page, context or browser has been closed
2026-02-07 20:34:55,764 - LinkedInWatcher - INFO - Checking connection requests...
2026-02-07 20:34:55,768 - LinkedInWatcher - ERROR - Error checking connection requests: Page.goto: Target page, context or browser has been closed
2026-02-07 20:34:55,768 - LinkedInWatcher - INFO - No new items
2026-02-07 20:34:55,768 - LinkedInWatcher - INFO - Sleeping for 300 seconds...
2026-02-07 20:34:55,768 - LinkedInWatcher - ERROR - Error checking connection requests: Page.goto: Target page, context or browser has been closed
2026-02-07 20:34:55,768 - LinkedInWatcher - INFO - No new items
2026-02-07 20:34:55,777 - LinkedInWatcher - INFO - Sleeping for 300 seconds...
2026-02-07 20:39:55,777 - LinkedInWatcher - INFO - --- Check #70 ---
2026-02-07 20:39:55,779 - LinkedInWatcher - INFO - Checking notifications...
2026-02-07 20:39:55,778 - LinkedInWatcher - INFO - --- Check #71 ---
2026-02-07 20:39:55,779 - LinkedInWatcher - INFO - Checking notifications...
2026-02-07 20:39:55,794 - LinkedInWatcher - ERROR - Error checking notifications: Page.goto: Target page, context or browser has been closed
2026-02-07 20:39:55,795 - LinkedInWatcher - INFO - Checking messages...
2026-02-07 20:39:55,802 - LinkedInWatcher - ERROR - Error checking notifications: Page.goto: Target page, context or browser has been closed
2026-02-07 20:39:55,807 - LinkedInWatcher - INFO - Checking messages...
2026-02-07 20:39:55,812 - LinkedInWatcher - ERROR - Error checking messages: Page.goto: Target page, context or browser has been closed
2026-02-07 20:39:55,812 - LinkedInWatcher - INFO - Checking connection requests...
2026-02-07 20:39:55,820 - LinkedInWatcher - ERROR - Error checking messages: Page.goto: Target page, context or browser has been closed
2026-02-07 20:39:55,822 - LinkedInWatcher - INFO - Checking connection requests...
2026-02-07 20:39:55,824 - LinkedInWatcher - ERROR - Error checking connection requests: Page.goto: Target page, context or browser has been closed
2026-02-07 20:39:55,826 - LinkedInWatcher - INFO - No new items
2026-02-07 20:39:55,826 - LinkedInWatcher - INFO - Sleeping for 300 seconds...
2026-02-07 20:39:55,832 - LinkedInWatcher - ERROR - Error checking connection requests: Page.goto: Target page, context or browser has been closed
2026-02-07 20:39:55,833 - LinkedInWatcher - INFO - No new items
2026-02-07 20:39:55,833 - LinkedInWatcher - INFO - Sleeping for 300 seconds...
2026-02-07 20:44:55,829 - LinkedInWatcher - INFO - --- Check #71 ---
2026-02-07 20:44:55,830 - LinkedInWatcher - INFO - Checking notifications...
2026-02-07 20:44:55,836 - LinkedInWatcher - INFO - --- Check #72 ---
2026-02-07 20:44:55,837 - LinkedInWatcher - INFO - Checking notifications...
2026-02-07 20:44:55,853 - LinkedInWatcher - ERROR - Error checking notifications: Page.goto: Target page, context or browser has been closed
2026-02-07 20:44:55,853 - LinkedInWatcher - INFO - Checking messages...
2026-02-07 20:44:55,856 - LinkedInWatcher - ERROR - Error checking notifications: Page.goto: Target page, context or browser has been closed
2026-02-07 20:44:55,856 - LinkedInWatcher - INFO - Checking messages...
2026-02-07 20:44:55,864 - LinkedInWatcher - ERROR - Error checking messages: Page.goto: Target page, context or browser has been closed
2026-02-07 20:44:55,864 - LinkedInWatcher - INFO - Checking connection requests...
2026-02-07 20:44:55,874 - LinkedInWatcher - ERROR - Error checking messages: Page.goto: Target page, context or browser has been closed
2026-02-07 20:44:55,874 - LinkedInWatcher - INFO - Checking connection requests...
2026-02-07 20:44:55,875 - LinkedInWatcher - ERROR - Error checking connection requests: Page.goto: Target page, context or browser has been closed
2026-02-07 20:44:55,876 - LinkedInWatcher - INFO - No new items
2026-02-07 20:44:55,877 - LinkedInWatcher - INFO - Sleeping for 300 seconds...
2026-02-07 20:44:55,883 - LinkedInWatcher - ERROR - Error checking connection requests: Page.goto: Target page, context or browser has been closed
2026-02-07 20:44:55,884 - LinkedInWatcher - INFO - No new items
2026-02-07 20:44:55,884 - LinkedInWatcher - INFO - Sleeping for 300 seconds...
2026-02-07 20:49:55,878 - LinkedInWatcher - INFO - --- Check #73 ---
2026-02-07 20:49:55,878 - LinkedInWatcher - INFO - Checking notifications...
2026-02-07 20:49:55,885 - LinkedInWatcher - INFO - --- Check #72 ---
2026-02-07 20:49:55,886 - LinkedInWatcher - INFO - Checking notifications...
2026-02-07 20:49:55,888 - LinkedInWatcher - ERROR - Error checking notifications: Page.goto: Target page, context or browser has been closed
2026-02-07 20:49:55,888 - LinkedInWatcher - INFO - Checking messages...
2026-02-07 20:49:55,898 - LinkedInWatcher - ERROR - Error checking messages: Page.goto: Target page, context or browser has been closed
2026-02-07 20:49:55,898 - LinkedInWatcher - INFO - Checking connection requests...
2026-02-07 20:49:55,898 - LinkedInWatcher - ERROR - Error checking notifications: Page.goto: Target page, context or browser has been closed
2026-02-07 20:49:55,898 - LinkedInWatcher - INFO - Checking messages...
2026-02-07 20:49:55,908 - LinkedInWatcher - ERROR - Error checking connection requests: Page.goto: Target page, context or browser has been closed
2026-02-07 20:49:55,908 - LinkedInWatcher - INFO - No new items
2026-02-07 20:49:55,910 - LinkedInWatcher - INFO - Sleeping for 300 seconds...
2026-02-07 20:49:55,916 - LinkedInWatcher - ERROR - Error checking messages: Page.goto: Target page, context or browser has been closed
2026-02-07 20:49:55,916 - LinkedInWatcher - INFO - Checking connection requests...
2026-02-07 20:49:55,924 - LinkedInWatcher - ERROR - Error checking connection requests: Page.goto: Target page, context or browser has been closed
2026-02-07 20:49:55,924 - LinkedInWatcher - INFO - No new items
2026-02-07 20:49:55,924 - LinkedInWatcher - INFO - Sleeping for 300 seconds...
2026-02-07 20:54:55,912 - LinkedInWatcher - INFO - --- Check #74 ---
2026-02-07 20:54:55,912 - LinkedInWatcher - INFO - Checking notifications...
2026-02-07 20:54:55,915 - LinkedInWatcher - ERROR - Error checking notifications: Page.goto: Target page, context or browser has been closed
2026-02-07 20:54:55,915 - LinkedInWatcher - INFO - Checking messages...
2026-02-07 20:54:55,926 - LinkedInWatcher - INFO - --- Check #73 ---
2026-02-07 20:54:55,926 - LinkedInWatcher - INFO - Checking notifications...
2026-02-07 20:54:55,938 - LinkedInWatcher - ERROR - Error checking messages: Page.goto: Target page, context or browser has been closed
sed
2026-02-07 20:54:55,938 - LinkedInWatcher - INFO - Checking messages...
2026-02-07 20:54:55,938 - LinkedInWatcher - INFO - Checking connection requests...
2026-02-07 20:54:55,948 - LinkedInWatcher - ERROR - Error checking connection requests: Page.goto: Target page, context or browser has been closed
2026-02-07 20:54:55,948 - LinkedInWatcher - INFO - No new items
g messages: Page.goto: Target page, context or browser has been closed
2026-02-07 20:54:55,948 - LinkedInWatcher - INFO - Checking connection requests...
2026-02-07 20:54:55,948 - LinkedInWatcher - INFO - Sleeping for 300 seconds...
2026-02-07 20:54:55,962 - LinkedInWatcher - ERROR - Error checking connection requests: Page.goto: Target page, context or browser has been closed
2026-02-07 20:54:55,962 - LinkedInWatcher - INFO - No new items
2026-02-07 20:54:55,962 - LinkedInWatcher - INFO - Sleeping for 300 seconds...
2026-02-07 20:59:55,957 - LinkedInWatcher - INFO - --- Check #75 ---
2026-02-07 20:59:55,957 - LinkedInWatcher - INFO - Checking notifications...
2026-02-07 20:59:55,966 - LinkedInWatcher - INFO - --- Check #74 ---
2026-02-07 20:59:55,966 - LinkedInWatcher - INFO - Checking notifications...
2026-02-07 20:59:55,972 - LinkedInWatcher - ERROR - Error checking notifications: Page.goto: Target page, context or browser has been closed
2026-02-07 20:59:55,972 - LinkedInWatcher - INFO - Checking messages...
2026-02-07 20:59:55,977 - LinkedInWatcher - ERROR - Error checking notifications: Page.goto: Target page, context or browser has been closed
2026-02-07 20:59:55,977 - LinkedInWatcher - INFO - Checking messages...
2026-02-07 20:59:55,988 - LinkedInWatcher - ERROR - Error checking messages: Page.goto: Target page, context or browser has been closed
2026-02-07 20:59:55,988 - LinkedInWatcher - ERROR - Error checking messages: Page.goto: Target page, context or browser has been closed
2026-02-07 20:59:55,988 - LinkedInWatcher - INFO - Checking connection requests...
2026-02-07 20:59:56,001 - LinkedInWatcher - ERROR - Error checking connection requests: Page.goto: Target page, context or browser has been closed
2026-02-07 20:59:56,004 - LinkedInWatcher - INFO - No new items
2026-02-07 20:59:56,004 - LinkedInWatcher - INFO - Sleeping for 300 seconds...
2026-02-07 20:59:56,024 - LinkedInWatcher - ERROR - Error checking connection requests: Page.goto: Target page, context or browser has been closed
2026-02-07 20:59:56,024 - LinkedInWatcher - INFO - No new items
2026-02-07 20:59:56,024 - LinkedInWatcher - INFO - Sleeping for 300 seconds...
2026-02-07 21:04:56,006 - LinkedInWatcher - INFO - --- Check #76 ---
2026-02-07 21:04:56,008 - LinkedInWatcher - INFO - Checking notifications...
2026-02-07 21:04:56,027 - LinkedInWatcher - ERROR - Error checking notifications: Page.goto: Target page, context or browser has been closed
2026-02-07 21:04:56,028 - LinkedInWatcher - INFO - Checking messages...
2026-02-07 21:04:56,028 - LinkedInWatcher - INFO - --- Check #75 ---
2026-02-07 21:04:56,028 - LinkedInWatcher - INFO - Checking notifications...
2026-02-07 21:04:56,042 - LinkedInWatcher - ERROR - Error checking messages: Page.goto: Target page, context or browser has been closed
2026-02-07 21:04:56,042 - LinkedInWatcher - INFO - Checking connection requests...
2026-02-07 21:04:56,045 - LinkedInWatcher - ERROR - Error checking notifications: Page.goto: Target page, context or browser has been closed
2026-02-07 21:04:56,045 - LinkedInWatcher - INFO - Checking messages...
2026-02-07 21:04:56,055 - LinkedInWatcher - ERROR - Error checking connection requests: Page.goto: Target page, context or browser has been closed
2026-02-07 21:04:56,057 - LinkedInWatcher - INFO - No new items
2026-02-07 21:04:56,058 - LinkedInWatcher - INFO - Sleeping for 300 seconds...
2026-02-07 21:04:56,058 - LinkedInWatcher - ERROR - Error checking messages: Page.goto: Target page, context or browser has been closed
2026-02-07 21:04:56,060 - LinkedInWatcher - INFO - Checking connection requests...
2026-02-07 21:04:56,071 - LinkedInWatcher - ERROR - Error checking connection requests: Page.goto: Target page, context or browser has been closed
2026-02-07 21:04:56,073 - LinkedInWatcher - INFO - No new items
2026-02-07 21:04:56,075 - LinkedInWatcher - INFO - Sleeping for 300 seconds...
2026-02-07 21:09:56,060 - LinkedInWatcher - INFO - --- Check #77 ---
2026-02-07 21:09:56,061 - LinkedInWatcher - INFO - Checking notifications...
2026-02-07 21:09:56,076 - LinkedInWatcher - INFO - --- Check #76 ---
2026-02-07 21:09:56,076 - LinkedInWatcher - INFO - Checking notifications...
2026-02-07 21:09:56,085 - LinkedInWatcher - ERROR - Error checking notifications: Page.goto: Target page, context or browser has been closed
2026-02-07 21:09:56,085 - LinkedInWatcher - INFO - Checking messages...
2026-02-07 21:09:56,092 - LinkedInWatcher - ERROR - Error checking notifications: Page.goto: Target page, context or browser has been closed
2026-02-07 21:09:56,092 - LinkedInWatcher - INFO - Checking messages...
2026-02-07 21:09:56,097 - LinkedInWatcher - ERROR - Error checking messages: Page.goto: Target page, context or browser has been closed
2026-02-07 21:09:56,097 - LinkedInWatcher - INFO - Checking connection requests...
2026-02-07 21:09:56,102 - LinkedInWatcher - ERROR - Error checking messages: Page.goto: Target page, context or browser has been closed
2026-02-07 21:09:56,103 - LinkedInWatcher - INFO - Checking connection requests...
2026-02-07 21:09:56,112 - LinkedInWatcher - ERROR - Error checking connection requests: Page.goto: Target page, context or browser has been closed
2026-02-07 21:09:56,112 - LinkedInWatcher - INFO - No new items
2026-02-07 21:09:56,112 - LinkedInWatcher - INFO - Sleeping for 300 seconds...
2026-02-07 21:09:56,117 - LinkedInWatcher - ERROR - Error checking connection requests: Page.goto: Target page, context or browser has been closed
2026-02-07 21:09:56,117 - LinkedInWatcher - INFO - No new items
2026-02-07 21:09:56,120 - LinkedInWatcher - INFO - Sleeping for 300 seconds...
2026-02-07 21:14:56,117 - LinkedInWatcher - INFO - --- Check #78 ---
2026-02-07 21:14:56,117 - LinkedInWatcher - INFO - Checking notifications...
2026-02-07 21:14:56,121 - LinkedInWatcher - INFO - --- Check #77 ---
2026-02-07 21:14:56,121 - LinkedInWatcher - INFO - Checking notifications...
2026-02-07 21:14:56,121 - LinkedInWatcher - ERROR - Error checking notifications: Page.goto: Target page, context or browser has been closed
2026-02-07 21:14:56,121 - LinkedInWatcher - INFO - Checking messages...
2026-02-07 21:14:56,121 - LinkedInWatcher - ERROR - Error checking notifications: Page.goto: Target page, context or browser has been closed
2026-02-07 21:14:56,121 - LinkedInWatcher - INFO - Checking messages...
2026-02-07 21:14:56,132 - LinkedInWatcher - ERROR - Error checking messages: Page.goto: Target page, context or browser has been closed
2026-02-07 21:14:56,132 - LinkedInWatcher - INFO - Checking connection requests...
2026-02-07 21:14:56,135 - LinkedInWatcher - ERROR - Error checking messages: Page.goto: Target page, context or browser has been closed
2026-02-07 21:14:56,135 - LinkedInWatcher - INFO - Checking connection requests...
2026-02-07 21:14:56,135 - LinkedInWatcher - ERROR - Error checking connection requests: Page.goto: Target page, context or browser has been closed
2026-02-07 21:14:56,135 - LinkedInWatcher - INFO - No new items
2026-02-07 21:14:56,135 - LinkedInWatcher - INFO - Sleeping for 300 seconds...
2026-02-07 21:14:56,141 - LinkedInWatcher - ERROR - Error checking connection requests: Page.goto: Target page, context or browser has been closed
2026-02-07 21:14:56,141 - LinkedInWatcher - INFO - No new items
2026-02-07 21:14:56,141 - LinkedInWatcher - INFO - Sleeping for 300 seconds...
2026-02-07 21:19:56,143 - LinkedInWatcher - INFO - --- Check #79 ---
2026-02-07 21:19:56,143 - LinkedInWatcher - INFO - Checking notifications...
2026-02-07 21:19:56,158 - LinkedInWatcher - ERROR - Error checking notifications: Page.goto: Target page, context or browser has been closed
2026-02-07 21:19:56,158 - LinkedInWatcher - INFO - Checking messages...
2026-02-07 21:19:56,164 - LinkedInWatcher - ERROR - Error checking notifications: Page.goto: Target page, context or browser has been closed
2026-02-07 21:19:56,166 - LinkedInWatcher - INFO - Checking messages...
2026-02-07 21:19:56,175 - LinkedInWatcher - ERROR - Error checking messages: Page.goto: Target page, context or browser has been closed
2026-02-07 21:19:56,175 - LinkedInWatcher - INFO - Checking connection requests...
2026-02-07 21:19:56,181 - LinkedInWatcher - ERROR - Error checking messages: Page.goto: Target page, context or browser has been closed
2026-02-07 21:19:56,181 - LinkedInWatcher - INFO - Checking connection requests...
2026-02-07 21:19:56,197 - LinkedInWatcher - ERROR - Error checking connection requests: Page.goto: Target page, context or browser has been closed
2026-02-07 21:19:56,197 - LinkedInWatcher - INFO - No new items
2026-02-07 21:19:56,198 - LinkedInWatcher - INFO - Sleeping for 300 seconds...
2026-02-07 21:19:56,198 - LinkedInWatcher - ERROR - Error checking connection requests: Page.goto: Target page, context or browser has been closed
2026-02-07 21:19:56,201 - LinkedInWatcher - INFO - No new items
2026-02-07 21:19:56,201 - LinkedInWatcher - INFO - Sleeping for 300 seconds...
2026-02-07 21:24:56,200 - LinkedInWatcher - INFO - --- Check #79 ---
2026-02-07 21:24:56,203 - LinkedInWatcher - INFO - Checking notifications...
2026-02-07 21:24:56,203 - LinkedInWatcher - INFO - --- Check #80 ---
2026-02-07 21:24:56,204 - LinkedInWatcher - INFO - Checking notifications...
2026-02-07 21:24:56,224 - LinkedInWatcher - ERROR - Error checking notifications: Page.goto: Target page, context or browser has been closed
2026-02-07 21:24:56,226 - LinkedInWatcher - INFO - Checking messages...
2026-02-07 21:24:56,226 - LinkedInWatcher - ERROR - Error checking notifications: Page.goto: Target page, context or browser has been closed
2026-02-07 21:24:56,226 - LinkedInWatcher - INFO - Checking messages...
2026-02-07 21:24:56,236 - LinkedInWatcher - ERROR - Error checking messages: Page.goto: Target page, context or browser has been closed
2026-02-07 21:24:56,236 - LinkedInWatcher - INFO - Checking connection requests...
2026-02-07 21:24:56,243 - LinkedInWatcher - ERROR - Error checking messages: Page.goto: Target page, context or browser has been closed
2026-02-07 21:24:56,243 - LinkedInWatcher - INFO - Checking connection requests...
2026-02-07 21:24:56,252 - LinkedInWatcher - ERROR - Error checking connection requests: Page.goto: Target page, context or browser has been closed
2026-02-07 21:24:56,252 - LinkedInWatcher - INFO - No new items
2026-02-07 21:24:56,254 - LinkedInWatcher - INFO - Sleeping for 300 seconds...
2026-02-07 21:24:56,265 - LinkedInWatcher - ERROR - Error checking connection requests: Page.goto: Target page, context or browser has been closed
2026-02-07 21:24:56,265 - LinkedInWatcher - INFO - No new items
2026-02-07 21:24:56,267 - LinkedInWatcher - INFO - Sleeping for 300 seconds...
2026-02-07 21:29:56,255 - LinkedInWatcher - INFO - --- Check #81 ---
2026-02-07 21:29:56,257 - LinkedInWatcher - INFO - Checking notifications...
2026-02-07 21:29:56,269 - LinkedInWatcher - INFO - --- Check #80 ---
2026-02-07 21:29:56,271 - LinkedInWatcher - INFO - Checking notifications...
2026-02-07 21:29:56,283 - LinkedInWatcher - ERROR - Error checking notifications: Page.goto: Target page, context or browser has been closed
2026-02-07 21:29:56,288 - LinkedInWatcher - INFO - Checking messages...
2026-02-07 21:29:56,290 - LinkedInWatcher - ERROR - Error checking notifications: Page.goto: Target page, context or browser has been closed
2026-02-07 21:29:56,290 - LinkedInWatcher - INFO - Checking messages...
2026-02-07 21:29:56,299 - LinkedInWatcher - ERROR - Error checking messages: Page.goto: Target page, context or browser has been closed
2026-02-07 21:29:56,303 - LinkedInWatcher - INFO - Checking connection requests...
2026-02-07 21:29:56,304 - LinkedInWatcher - ERROR - Error checking messages: Page.goto: Target page, context or browser has been closed
2026-02-07 21:29:56,307 - LinkedInWatcher - INFO - Checking connection requests...
2026-02-07 21:29:56,313 - LinkedInWatcher - ERROR - Error checking connection requests: Page.goto: Target page, context or browser has been closed
2026-02-07 21:29:56,315 - LinkedInWatcher - INFO - No new items
2026-02-07 21:29:56,317 - LinkedInWatcher - INFO - Sleeping for 300 seconds...
2026-02-07 21:29:56,318 - LinkedInWatcher - ERROR - Error checking connection requests: Page.goto: Target page, context or browser has been closed
2026-02-07 21:29:56,320 - LinkedInWatcher - INFO - No new items
2026-02-07 21:29:56,320 - LinkedInWatcher - INFO - Sleeping for 300 seconds...
2026-02-07 21:34:56,347 - LinkedInWatcher - INFO - --- Check #82 ---
2026-02-07 21:34:56,364 - LinkedInWatcher - INFO - Checking notifications...
2026-02-07 21:34:56,364 - LinkedInWatcher - INFO - Checking notifications...
2026-02-07 21:34:56,582 - LinkedInWatcher - ERROR - Error checking notifications: Page.goto: Target page, context or browser has been closed
2026-02-07 21:34:56,582 - LinkedInWatcher - ERROR - Error checking notifications: Page.goto: Target page, context or browser has been closed
2026-02-07 21:34:56,582 - LinkedInWatcher - INFO - Checking messages...
2026-02-07 21:34:56,582 - LinkedInWatcher - INFO - Checking messages...
2026-02-07 21:34:56,593 - LinkedInWatcher - ERROR - Error checking messages: Page.goto: Target page, context or browser has been closed
2026-02-07 21:34:56,593 - LinkedInWatcher - INFO - Checking connection requests...
2026-02-07 21:34:56,601 - LinkedInWatcher - ERROR - Error checking messages: Page.goto: Target page, context or browser has been closed
2026-02-07 21:34:56,601 - LinkedInWatcher - INFO - Checking connection requests...
2026-02-07 21:34:56,604 - LinkedInWatcher - ERROR - Error checking connection requests: Page.goto: Target page, context or browser has been closed
2026-02-07 21:34:56,604 - LinkedInWatcher - INFO - No new items
2026-02-07 21:34:56,604 - LinkedInWatcher - INFO - Sleeping for 300 seconds...
2026-02-07 21:34:56,612 - LinkedInWatcher - ERROR - Error checking connection requests: Page.goto: Target page, context or browser has been closed
2026-02-07 21:34:56,612 - LinkedInWatcher - INFO - No new items
2026-02-07 21:34:56,612 - LinkedInWatcher - INFO - Sleeping for 300 seconds...
2026-02-07 21:39:56,607 - LinkedInWatcher - INFO - --- Check #83 ---
2026-02-07 21:39:56,608 - LinkedInWatcher - INFO - Checking notifications...
2026-02-07 21:39:56,614 - LinkedInWatcher - INFO - --- Check #82 ---
2026-02-07 21:39:56,614 - LinkedInWatcher - INFO - Checking notifications...
2026-02-07 21:39:56,630 - LinkedInWatcher - ERROR - Error checking notifications: Page.goto: Target page, context or browser has been closed
2026-02-07 21:39:56,630 - LinkedInWatcher - ERROR - Error checking notifications: Page.goto: Target page, context or browser has been closed
2026-02-07 21:39:56,630 - LinkedInWatcher - INFO - Checking messages...
2026-02-07 21:39:56,630 - LinkedInWatcher - INFO - Checking messages...
2026-02-07 21:39:56,643 - LinkedInWatcher - ERROR - Error checking messages: Page.goto: Target page, context or browser has been closed
2026-02-07 21:39:56,645 - LinkedInWatcher - INFO - Checking connection requests...
2026-02-07 21:39:56,648 - LinkedInWatcher - ERROR - Error checking messages: Page.goto: Target page, context or browser has been closed
2026-02-07 21:39:56,648 - LinkedInWatcher - INFO - Checking connection requests...
2026-02-07 21:39:56,655 - LinkedInWatcher - ERROR - Error checking connection requests: Page.goto: Target page, context or browser has been closed
2026-02-07 21:39:56,657 - LinkedInWatcher - INFO - No new items
2026-02-07 21:39:56,657 - LinkedInWatcher - INFO - Sleeping for 300 seconds...
2026-02-07 21:39:56,659 - LinkedInWatcher - ERROR - Error checking connection requests: Page.goto: Target page, context or browser has been closed
2026-02-07 21:39:56,659 - LinkedInWatcher - INFO - No new items
2026-02-07 21:39:56,659 - LinkedInWatcher - INFO - Sleeping for 300 seconds...
2026-02-07 21:44:56,659 - LinkedInWatcher - INFO - --- Check #84 ---
2026-02-07 21:44:56,659 - LinkedInWatcher - INFO - Checking notifications...
2026-02-07 21:44:56,661 - LinkedInWatcher - INFO - --- Check #83 ---
2026-02-07 21:44:56,667 - LinkedInWatcher - INFO - Checking notifications...
2026-02-07 21:44:56,667 - LinkedInWatcher - ERROR - Error checking notifications: Page.goto: Target page, context or browser has been closed
2026-02-07 21:44:56,667 - LinkedInWatcher - INFO - Checking messages...
2026-02-07 21:44:56,672 - LinkedInWatcher - ERROR - Error checking notifications: Page.goto: Target page, context or browser has been closed
2026-02-07 21:44:56,672 - LinkedInWatcher - INFO - Checking messages...
2026-02-07 21:44:56,672 - LinkedInWatcher - ERROR - Error checking messages: Page.goto: Target page, context or browser has been closed
2026-02-07 21:44:56,672 - LinkedInWatcher - INFO - Checking connection requests...
2026-02-07 21:44:56,677 - LinkedInWatcher - ERROR - Error checking messages: Page.goto: Target page, context or browser has been closed
2026-02-07 21:44:56,677 - LinkedInWatcher - INFO - Checking connection requests...
2026-02-07 21:44:56,694 - LinkedInWatcher - ERROR - Error checking connection requests: Page.goto: Target page, context or browser has been closed
2026-02-07 21:44:56,694 - LinkedInWatcher - INFO - No new items
2026-02-07 21:44:56,694 - LinkedInWatcher - INFO - Sleeping for 300 seconds...
2026-02-07 21:44:56,694 - LinkedInWatcher - ERROR - Error checking connection requests: Page.goto: Target page, context or browser has been closed
2026-02-07 21:44:56,694 - LinkedInWatcher - INFO - No new items
2026-02-07 21:44:56,694 - LinkedInWatcher - INFO - Sleeping for 300 seconds...
2026-02-07 21:49:56,696 - LinkedInWatcher - INFO - --- Check #85 ---
2026-02-07 21:49:56,697 - LinkedInWatcher - INFO - Checking notifications...
2026-02-07 21:49:56,697 - LinkedInWatcher - INFO - --- Check #84 ---
2026-02-07 21:49:56,697 - LinkedInWatcher - INFO - Checking notifications...
2026-02-07 21:49:56,726 - LinkedInWatcher - ERROR - Error checking notifications: Page.goto: Target page, context or browser has been closed
2026-02-07 21:49:56,726 - LinkedInWatcher - INFO - Checking messages...
2026-02-07 21:49:56,726 - LinkedInWatcher - ERROR - Error checking notifications: Page.goto: Target page, context or browser has been closed
2026-02-07 21:49:56,726 - LinkedInWatcher - INFO - Checking messages...
2026-02-07 21:49:56,731 - LinkedInWatcher - ERROR - Error checking messages: Page.goto: Target page, context or browser has been closed
2026-02-07 21:49:56,731 - LinkedInWatcher - INFO - Checking connection requests...
2026-02-07 21:49:56,731 - LinkedInWatcher - ERROR - Error checking messages: Page.goto: Target page, context or browser has been closed
2026-02-07 21:49:56,731 - LinkedInWatcher - INFO - Checking connection requests...
2026-02-07 21:49:56,735 - LinkedInWatcher - ERROR - Error checking connection requests: Page.goto: Target page, context or browser has been closed
2026-02-07 21:49:56,735 - LinkedInWatcher - INFO - No new items
2026-02-07 21:49:56,735 - LinkedInWatcher - INFO - Sleeping for 300 seconds...
2026-02-07 21:49:56,737 - LinkedInWatcher - ERROR - Error checking connection requests: Page.goto: Target page, context or browser has been closed
2026-02-07 21:49:56,737 - LinkedInWatcher - INFO - No new items
2026-02-07 21:49:56,737 - LinkedInWatcher - INFO - Sleeping for 300 seconds...
2026-02-07 21:54:56,737 - LinkedInWatcher - INFO - --- Check #86 ---
2026-02-07 21:54:56,737 - LinkedInWatcher - INFO - Checking notifications...
2026-02-07 21:54:56,739 - LinkedInWatcher - INFO - --- Check #85 ---
2026-02-07 21:54:56,739 - LinkedInWatcher - INFO - Checking notifications...
2026-02-07 21:54:56,739 - LinkedInWatcher - ERROR - Error checking notifications: Page.goto: Target page, context or browser has been closed
2026-02-07 21:54:56,739 - LinkedInWatcher - INFO - Checking messages...
2026-02-07 21:54:56,744 - LinkedInWatcher - ERROR - Error checking messages: Page.goto: Target page, context or browser has been closed
2026-02-07 21:54:56,744 - LinkedInWatcher - INFO - Checking connection requests...
2026-02-07 21:54:56,750 - LinkedInWatcher - ERROR - Error checking notifications: Page.goto: Target page, context or browser has been closed
2026-02-07 21:54:56,750 - LinkedInWatcher - ERROR - Error checking connection requests: Page.goto: Target page, context or browser has been closed
2026-02-07 21:54:56,750 - LinkedInWatcher - INFO - No new items
2026-02-07 21:54:56,750 - LinkedInWatcher - INFO - Sleeping for 300 seconds...
2026-02-07 21:54:56,754 - LinkedInWatcher - ERROR - Error checking messages: Page.goto: Target page, context or browser has been closed
2026-02-07 21:54:56,754 - LinkedInWatcher - INFO - Checking connection requests...
2026-02-07 21:54:56,754 - LinkedInWatcher - ERROR - Error checking connection requests: Page.goto: Target page, context or browser has been closed
2026-02-07 21:54:56,754 - LinkedInWatcher - INFO - No new items
2026-02-07 21:54:56,754 - LinkedInWatcher - INFO - Sleeping for 300 seconds...
2026-02-07 21:59:56,754 - LinkedInWatcher - INFO - --- Check #87 ---
2026-02-07 21:59:56,754 - LinkedInWatcher - INFO - Checking notifications...
2026-02-07 21:59:56,759 - LinkedInWatcher - INFO - --- Check #86 ---
2026-02-07 21:59:56,759 - LinkedInWatcher - INFO - Checking notifications...
2026-02-07 21:59:56,768 - LinkedInWatcher - ERROR - Error checking notifications: Page.goto: Target page, context or browser has been closed
2026-02-07 21:59:56,774 - LinkedInWatcher - INFO - Checking messages...
2026-02-07 21:59:56,776 - LinkedInWatcher - ERROR - Error checking notifications: Page.goto: Target page, context or browser has been closed
2026-02-07 21:59:56,776 - LinkedInWatcher - INFO - Checking messages...
2026-02-07 21:59:56,778 - LinkedInWatcher - ERROR - Error checking messages: Page.goto: Target page, context or browser has been closed
2026-02-07 21:59:56,778 - LinkedInWatcher - INFO - Checking connection requests...
2026-02-07 21:59:56,778 - LinkedInWatcher - ERROR - Error checking messages: Page.goto: Target page, context or browser has been closed
2026-02-07 21:59:56,778 - LinkedInWatcher - INFO - Checking connection requests...
2026-02-07 21:59:56,786 - LinkedInWatcher - ERROR - Error checking connection requests: Page.goto: Target page, context or browser has been closed
2026-02-07 21:59:56,787 - LinkedInWatcher - ERROR - Error checking connection requests: Page.goto: Target page, context or browser has been closed
2026-02-07 21:59:56,787 - LinkedInWatcher - INFO - No new items
2026-02-07 21:59:56,787 - LinkedInWatcher - INFO - Sleeping for 32026-02-07 21:59:56,787 - LinkedInWatcher - INFO - Sleeping for 300 seconds...
2026-02-07 22:04:56,788 - LinkedInWatcher - INFO - --- Check #87 ---
2026-02-07 22:04:56,788 - LinkedInWatcher - INFO - Checking notifications...
2026-02-07 22:04:56,788 - LinkedInWatcher - INFO - --- Check #88 ---
2026-02-07 22:04:56,790 - LinkedInWatcher - INFO - Checking notifications...
2026-02-07 22:04:56,805 - LinkedInWatcher - ERROR - Error checking notifications: Page.goto: Target page, context or browser has been closed
2026-02-07 22:04:56,805 - LinkedInWatcher - INFO - Checking messages...
2026-02-07 22:04:56,809 - LinkedInWatcher - ERROR - Error checking messages: Page.goto: Target page, context or browser has been closed
2026-02-07 22:04:56,809 - LinkedInWatcher - INFO - Checking connection requests...
2026-02-07 22:04:56,814 - LinkedInWatcher - ERROR - Error checking notifications: Page.goto: Target page, context or browser has been closed
2026-02-07 22:04:56,814 - LinkedInWatcher - INFO - Checking messages...
2026-02-07 22:04:56,818 - LinkedInWatcher - ERROR - Error checking connection requests: Page.goto: Target page, context or browser has been closed
2026-02-07 22:04:56,818 - LinkedInWatcher - INFO - No new items
2026-02-07 22:04:56,818 - LinkedInWatcher - INFO - Sleeping for 300 seconds...
2026-02-07 22:04:56,824 - LinkedInWatcher - ERROR - Error checking messages: Page.goto: Target page, context or browser has been closed
2026-02-07 22:04:56,824 - LinkedInWatcher - INFO - Checking connection requests...
2026-02-07 22:04:56,829 - LinkedInWatcher - ERROR - Error checking connection requests: Page.goto: Target page, context or browser has been closed
2026-02-07 22:04:56,829 - LinkedInWatcher - INFO - No new items
2026-02-07 22:04:56,829 - LinkedInWatcher - INFO - Sleeping for 300 seconds...
2026-02-07 22:09:56,820 - LinkedInWatcher - INFO - --- Check #89 ---
2026-02-07 22:09:56,820 - LinkedInWatcher - INFO - Checking notifications...
2026-02-07 22:09:56,835 - LinkedInWatcher - INFO - --- Check #88 ---
2026-02-07 22:09:56,836 - LinkedInWatcher - INFO - Checking notifications...
2026-02-07 22:09:56,839 - LinkedInWatcher - ERROR - Error checking notifications: Page.goto: Target page, context or browser has been closed
2026-02-07 22:09:56,840 - LinkedInWatcher - INFO - Checking messages...
2026-02-07 22:09:56,845 - LinkedInWatcher - ERROR - Error checking messages: Page.goto: Target page, context or browser has been closed
2026-02-07 22:09:56,845 - LinkedInWatcher - INFO - Checking connection requests...
2026-02-07 22:09:56,845 - LinkedInWatcher - ERROR - Error checking notifications: Page.goto: Target page, context or browser has been closed
2026-02-07 22:09:56,845 - LinkedInWatcher - INFO - Checking messages...
2026-02-07 22:09:56,847 - LinkedInWatcher - ERROR - Error checking connection requests: Page.goto: Target page, context or browser has been closed
2026-02-07 22:09:56,847 - LinkedInWatcher - INFO - No new items
2026-02-07 22:09:56,847 - LinkedInWatcher - INFO - Sleeping for 300 seconds...
2026-02-07 22:09:56,847 - LinkedInWatcher - ERROR - Error checking messages: Page.goto: Target page, context or browser has been closed
2026-02-07 22:09:56,847 - LinkedInWatcher - INFO - Checking connection requests...
2026-02-07 22:09:56,849 - LinkedInWatcher - ERROR - Error checking connection requests: Page.goto: Target page, context or browser has been closed
2026-02-07 22:09:56,849 - LinkedInWatcher - INFO - No new items
2026-02-07 22:09:56,849 - LinkedInWatcher - INFO - Sleeping for 300 seconds...
2026-02-07 22:14:56,848 - LinkedInWatcher - INFO - --- Check #90 ---
2026-02-07 22:14:56,849 - LinkedInWatcher - INFO - Checking notifications...
2026-02-07 22:14:56,851 - LinkedInWatcher - INFO - --- Check #89 ---
2026-02-07 22:14:56,851 - LinkedInWatcher - INFO - Checking notifications...
2026-02-07 22:14:56,857 - LinkedInWatcher - ERROR - Error checking notifications: Page.goto: Target page, context or browser has been closed
2026-02-07 22:14:56,857 - LinkedInWatcher - INFO - Checking messages...
2026-02-07 22:14:56,860 - LinkedInWatcher - ERROR - Error checking notifications: Page.goto: Target page, context or browser has been closed
2026-02-07 22:14:56,860 - LinkedInWatcher - INFO - Checking messages...
2026-02-07 22:14:56,870 - LinkedInWatcher - ERROR - Error checking messages: Page.goto: Target page, context or browser has been closed
2026-02-07 22:14:56,871 - LinkedInWatcher - INFO - Checking connection requests...
2026-02-07 22:14:56,872 - LinkedInWatcher - ERROR - Error checking messages: Page.goto: Target page, context or browser has been closed
2026-02-07 22:14:56,872 - LinkedInWatcher - INFO - Checking connection requests...
2026-02-07 22:14:56,874 - LinkedInWatcher - ERROR - Error checking connection requests: Page.goto: Target page, context or browser has been closed
2026-02-07 22:14:56,874 - LinkedInWatcher - INFO - No new items
2026-02-07 22:14:56,874 - LinkedInWatcher - INFO - Sleeping for 300 seconds...
2026-02-07 22:14:56,878 - LinkedInWatcher - ERROR - Error checking connection requests: Page.goto: Target page, context or browser has been closed
2026-02-07 22:14:56,878 - LinkedInWatcher - INFO - No new items
2026-02-07 22:14:56,878 - LinkedInWatcher - INFO - Sleeping for 300 seconds...
2026-02-07 22:19:56,875 - LinkedInWatcher - INFO - --- Check #90 ---
2026-02-07 22:19:56,875 - LinkedInWatcher - INFO - Checking notifications...
2026-02-07 22:19:56,879 - LinkedInWatcher - INFO - --- Check #91 ---
2026-02-07 22:19:56,879 - LinkedInWatcher - INFO - Checking notifications...
2026-02-07 22:19:56,889 - LinkedInWatcher - ERROR - Error checking notifications: Page.goto: Target page, context or browser has been closed
2026-02-07 22:19:56,889 - LinkedInWatcher - INFO - Checking messages...
2026-02-07 22:19:56,892 - LinkedInWatcher - ERROR - Error checking messages: Page.goto: Target page, context or browser has been closed
2026-02-07 22:19:56,892 - LinkedInWatcher - INFO - Checking connection requests...
2026-02-07 22:19:56,892 - LinkedInWatcher - ERROR - Error checking notifications: Page.goto: Target page, context or browser has been closed
2026-02-07 22:19:56,892 - LinkedInWatcher - INFO - Checking messages...
2026-02-07 22:19:56,896 - LinkedInWatcher - ERROR - Error checking messages: Page.goto: Target page, context or browser has been closed
2026-02-07 22:19:56,896 - LinkedInWatcher - INFO - Checking connection requests...
2026-02-07 22:19:56,896 - LinkedInWatcher - ERROR - Error checking connection requests: Page.goto: Target page, context or browser has been closed
2026-02-07 22:19:56,898 - LinkedInWatcher - INFO - No new items
2026-02-07 22:19:56,898 - LinkedInWatcher - INFO - Sleeping for 300 seconds...
2026-02-07 22:19:56,900 - LinkedInWatcher - ERROR - Error checking connection requests: Page.goto: Target page, context or browser has been closed
2026-02-07 22:19:56,900 - LinkedInWatcher - INFO - No new items
2026-02-07 22:19:56,900 - LinkedInWatcher - INFO - Sleeping for 300 seconds...
2026-02-07 22:24:56,899 - LinkedInWatcher - INFO - --- Check #91 ---
2026-02-07 22:24:56,899 - LinkedInWatcher - INFO - Checking notifications...
2026-02-07 22:24:56,902 - LinkedInWatcher - INFO - --- Check #92 ---
2026-02-07 22:24:56,902 - LinkedInWatcher - INFO - Checking notifications...
2026-02-07 22:24:56,912 - LinkedInWatcher - ERROR - Error checking notifications: Page.goto: Target page, context or browser has been closed
2026-02-07 22:24:56,912 - LinkedInWatcher - INFO - Checking messages...
2026-02-07 22:24:56,912 - LinkedInWatcher - ERROR - Error checking notifications: Page.goto: Target page, context or browser has been closed
2026-02-07 22:24:56,912 - LinkedInWatcher - INFO - Checking messages...
2026-02-07 22:24:56,912 - LinkedInWatcher - ERROR - Error checking messages: Page.goto: Target page, context or browser has been closed
2026-02-07 22:24:56,912 - LinkedInWatcher - INFO - Checking connection requests...
2026-02-07 22:24:56,912 - LinkedInWatcher - ERROR - Error checking messages: Page.goto: Target page, context or browser has been closed
2026-02-07 22:24:56,912 - LinkedInWatcher - INFO - Checking connection requests...
2026-02-07 22:24:56,912 - LinkedInWatcher - ERROR - Error checking connection requests: Page.goto: Target page, context or browser has been closed
2026-02-07 22:24:56,912 - LinkedInWatcher - INFO - No new items
2026-02-07 22:24:56,912 - LinkedInWatcher - INFO - Sleeping for 300 seconds...
2026-02-07 22:24:56,918 - LinkedInWatcher - ERROR - Error checking connection requests: Page.goto: Target page, context or browser has been closed
2026-02-07 22:24:56,918 - LinkedInWatcher - INFO - No new items
2026-02-07 22:24:56,918 - LinkedInWatcher - INFO - Sleeping for 300 seconds...
2026-02-07 22:29:56,918 - LinkedInWatcher - INFO - --- Check #93 ---
2026-02-07 22:29:56,919 - LinkedInWatcher - INFO - --- Check #92 ---
2026-02-07 22:29:56,920 - LinkedInWatcher - INFO - Checking notifications...
2026-02-07 22:29:56,927 - LinkedInWatcher - ERROR - Error checking notifications: Page.goto: Target page, context or browser has been closed
2026-02-07 22:29:56,927 - LinkedInWatcher - INFO - Checking messages...
2026-02-07 22:29:56,927 - LinkedInWatcher - ERROR - Error checking notifications: Page.goto: Target page, context or browser has been closed
2026-02-07 22:29:56,927 - LinkedInWatcher - INFO - Checking messages...
2026-02-07 22:29:56,933 - LinkedInWatcher - ERROR - Error checking messages: Page.goto: Target page, context or browser has been closed
2026-02-07 22:29:56,933 - LinkedInWatcher - INFO - Checking connection requests...
2026-02-07 22:29:56,933 - LinkedInWatcher - ERROR - Error checking messages: Page.goto: Target page, context or browser has been closed
2026-02-07 22:29:56,933 - LinkedInWatcher - INFO - Checking connection requests...
2026-02-07 22:29:56,936 - LinkedInWatcher - ERROR - Error checking connection requests: Page.goto: Target page, context or browser has been closed
2026-02-07 22:29:56,936 - LinkedInWatcher - INFO - No new items
2026-02-07 22:29:56,936 - LinkedInWatcher - INFO - Sleeping for 300 seconds...
2026-02-07 22:29:56,936 - LinkedInWatcher - ERROR - Error checking connection requests: Page.goto: Target page, context or browser has been closed
2026-02-07 22:29:56,936 - LinkedInWatcher - INFO - No new items
2026-02-07 22:29:56,936 - LinkedInWatcher - INFO - Sleeping for 300 seconds...
2026-02-07 22:34:56,937 - LinkedInWatcher - INFO - --- Check #94 ---
2026-02-07 22:34:56,937 - LinkedInWatcher - INFO - --- Check #93 ---
2026-02-07 22:34:56,939 - LinkedInWatcher - INFO - Checking notifications...
2026-02-07 22:34:56,939 - LinkedInWatcher - INFO - Checking notifications...
2026-02-07 22:34:56,967 - LinkedInWatcher - ERROR - Error checking notifications: Page.goto: Target page, context or browser has been closed
2026-02-07 22:34:56,967 - LinkedInWatcher - INFO - Checking messages...
2026-02-07 22:34:56,971 - LinkedInWatcher - ERROR - Error checking notifications: Page.goto: Target page, context or browser has been closed
2026-02-07 22:34:56,972 - LinkedInWatcher - INFO - Checking messages...
2026-02-07 22:34:56,983 - LinkedInWatcher - ERROR - Error checking messages: Page.goto: Target page, context or browser has been closed
2026-02-07 22:34:56,984 - LinkedInWatcher - INFO - Checking connection requests...
2026-02-07 22:34:56,990 - LinkedInWatcher - ERROR - Error checking messages: Page.goto: Target page, context or browser has been closed
2026-02-07 22:34:56,991 - LinkedInWatcher - INFO - Checking connection requests...
2026-02-07 22:34:57,001 - LinkedInWatcher - ERROR - Error checking connection requests: Page.goto: Target page, context or browser has been closed
2026-02-07 22:34:57,002 - LinkedInWatcher - INFO - No new items
2026-02-07 22:34:57,003 - LinkedInWatcher - INFO - Sleeping for 300 seconds...
2026-02-07 22:34:57,008 - LinkedInWatcher - ERROR - Error checking connection requests: Page.goto: Target page, context or browser has been closed
2026-02-07 22:34:57,008 - LinkedInWatcher - INFO - No new items
2026-02-07 22:34:57,009 - LinkedInWatcher - INFO - Sleeping for 300 seconds...
2026-02-07 22:39:57,005 - LinkedInWatcher - INFO - --- Check #94 ---
2026-02-07 22:39:57,005 - LinkedInWatcher - INFO - Checking notifications...
2026-02-07 22:39:57,010 - LinkedInWatcher - INFO - --- Check #95 ---
2026-02-07 22:39:57,010 - LinkedInWatcher - INFO - Checking notifications...
2026-02-07 22:39:57,015 - LinkedInWatcher - ERROR - Error checking notifications: Page.goto: Target page, context or browser has been closed
2026-02-07 22:39:57,015 - LinkedInWatcher - INFO - Checking messages...
2026-02-07 22:39:57,019 - LinkedInWatcher - ERROR - Error checking notifications: Page.goto: Target page, context or browser has been closed
2026-02-07 22:39:57,019 - LinkedInWatcher - INFO - Checking messages...
2026-02-07 22:39:57,021 - LinkedInWatcher - ERROR - Error checking messages: Page.goto: Target page, context or browser has been closed
2026-02-07 22:39:57,025 - LinkedInWatcher - INFO - Checking connection requests...
2026-02-07 22:39:57,025 - LinkedInWatcher - ERROR - Error checking messages: Page.goto: Target page, context or browser has been closed
2026-02-07 22:39:57,025 - LinkedInWatcher - INFO - Checking connection requests...
2026-02-07 22:39:57,025 - LinkedInWatcher - ERROR - Error checking connection requests: Page.goto: Target page, context or browser has been closed
2026-02-07 22:39:57,025 - LinkedInWatcher - INFO - No new items
2026-02-07 22:39:57,025 - LinkedInWatcher - INFO - Sleeping for 300 seconds...
2026-02-07 22:39:57,031 - LinkedInWatcher - ERROR - Error checking connection requests: Page.goto: Target page, context or browser has been closed
2026-02-07 22:39:57,031 - LinkedInWatcher - INFO - No new items
2026-02-07 22:39:57,031 - LinkedInWatcher - INFO - Sleeping for 300 seconds...
2026-02-07 22:44:57,032 - LinkedInWatcher - INFO - --- Check #96 ---
2026-02-07 22:44:57,032 - LinkedInWatcher - INFO - Checking notifications...
2026-02-07 22:44:57,035 - LinkedInWatcher - INFO - --- Check #95 ---
2026-02-07 22:44:57,035 - LinkedInWatcher - INFO - Checking notifications...
2026-02-07 22:44:57,045 - LinkedInWatcher - ERROR - Error checking notifications: Page.goto: Target page, context or browser has been closed
2026-02-07 22:44:57,045 - LinkedInWatcher - INFO - Checking messages...
2026-02-07 22:44:57,048 - LinkedInWatcher - ERROR - Error checking notifications: Page.goto: Target page, context or browser has been closed
2026-02-07 22:44:57,051 - LinkedInWatcher - INFO - Checking messages...
2026-02-07 22:44:57,058 - LinkedInWatcher - ERROR - Error checking messages: Page.goto: Target page, context or browser has been closed
2026-02-07 22:44:57,058 - LinkedInWatcher - INFO - Checking connection requests...
2026-02-07 22:44:57,062 - LinkedInWatcher - ERROR - Error checking messages: Page.goto: Target page, context or browser has been closed
2026-02-07 22:44:57,064 - LinkedInWatcher - INFO - Checking connection requests...
2026-02-07 22:44:57,069 - LinkedInWatcher - ERROR - Error checking connection requests: Page.goto: Target page, context or browser has been closed
2026-02-07 22:44:57,069 - LinkedInWatcher - INFO - No new items
2026-02-07 22:44:57,069 - LinkedInWatcher - INFO - Sleeping for 300 seconds...
2026-02-07 22:44:57,075 - LinkedInWatcher - ERROR - Error checking connection requests: Page.goto: Target page, context or browser has been closed
2026-02-07 22:44:57,078 - LinkedInWatcher - INFO - No new items
2026-02-07 22:44:57,078 - LinkedInWatcher - INFO - Sleeping for 300 seconds...
2026-02-08 08:31:26,237 - LinkedInWatcher - INFO - --- Check #97 ---
2026-02-08 08:31:26,237 - LinkedInWatcher - INFO - Checking notifications...
2026-02-08 08:31:26,244 - LinkedInWatcher - INFO - --- Check #96 ---
2026-02-08 08:31:26,245 - LinkedInWatcher - INFO - Checking notifications...
2026-02-08 08:31:26,254 - LinkedInWatcher - ERROR - Error checking notifications: Page.goto: Target page, context or browser has been closed
2026-02-08 08:31:26,256 - LinkedInWatcher - INFO - Checking messages...
2026-02-08 08:31:26,261 - LinkedInWatcher - ERROR - Error checking notifications: Page.goto: Target page, context or browser has been closed
2026-02-08 08:31:26,263 - LinkedInWatcher - INFO - Checking messages...
2026-02-08 08:31:26,278 - LinkedInWatcher - ERROR - Error checking messages: Page.goto: Target page, context or browser has been closed
2026-02-08 08:31:26,278 - LinkedInWatcher - INFO - Checking connection requests...
2026-02-08 08:31:26,279 - LinkedInWatcher - ERROR - Error checking messages: Page.goto: Target page, context or browser has been closed
2026-02-08 08:31:26,282 - LinkedInWatcher - INFO - Checking connection requests...
2026-02-08 08:31:26,296 - LinkedInWatcher - ERROR - Error checking connection requests: Page.goto: Target page, context or browser has been closed
2026-02-08 08:31:26,296 - LinkedInWatcher - INFO - No new items
2026-02-08 08:31:26,296 - LinkedInWatcher - ERROR - Error checking connection requests: Page.goto: Target page, context or browser has been closed
2026-02-08 08:31:26,299 - LinkedInWatcher - INFO - No new items
2026-02-08 08:31:26,299 - LinkedInWatcher - INFO - Sleeping for 300 seconds...
2026-02-08 08:31:26,299 - LinkedInWatcher - INFO - Sleeping for 300 seconds...
2026-02-08 08:36:29,647 - LinkedInWatcher - INFO - --- Check #98 ---
2026-02-08 08:36:29,647 - LinkedInWatcher - INFO - Checking notifications...
2026-02-08 08:36:29,647 - LinkedInWatcher - INFO - Checking notifications...
2026-02-08 08:36:29,661 - LinkedInWatcher - ERROR - Error checking notifications: Page.goto: Target page, context or browser has been closed
2026-02-08 08:36:29,661 - LinkedInWatcher - ERROR - Error checking notifications: Page.goto: Target page, context or browser has been closed
2026-02-08 08:36:29,661 - LinkedInWatcher - INFO - Checking messages...
2026-02-08 08:36:29,661 - LinkedInWatcher - INFO - Checking messages...
2026-02-08 08:36:29,672 - LinkedInWatcher - ERROR - Error checking messages: Page.goto: Target page, context or browser has been closed
2026-02-08 08:36:29,675 - LinkedInWatcher - INFO - Checking connection requests...
2026-02-08 08:36:29,683 - LinkedInWatcher - ERROR - Error checking messages: Page.goto: Target page, context or browser has been closed
2026-02-08 08:36:29,684 - LinkedInWatcher - INFO - Checking connection requests...
2026-02-08 08:36:29,684 - LinkedInWatcher - ERROR - Error checking connection requests: Page.goto: Target page, context or browser has been closed
2026-02-08 08:36:29,684 - LinkedInWatcher - INFO - No new items
2026-02-08 08:36:29,684 - LinkedInWatcher - INFO - Sleeping for 300 seconds...
2026-02-08 08:36:29,725 - LinkedInWatcher - ERROR - Error checking connection requests: Page.goto: Target page, context or browser has been closed
2026-02-08 08:36:29,725 - LinkedInWatcher - INFO - No new items
2026-02-08 08:36:29,727 - LinkedInWatcher - INFO - Sleeping for 300 seconds...
2026-02-08 08:41:29,689 - LinkedInWatcher - INFO - --- Check #99 ---
2026-02-08 08:41:29,689 - LinkedInWatcher - INFO - Checking notifications...
2026-02-08 08:41:29,709 - LinkedInWatcher - ERROR - Error checking notifications: Page.goto: Target page, context or browser has been closed
2026-02-08 08:41:29,709 - LinkedInWatcher - INFO - Checking messages...
2026-02-08 08:41:29,722 - LinkedInWatcher - ERROR - Error checking messages: Page.goto: Target page, context or browser has been closed
2026-02-08 08:41:29,722 - LinkedInWatcher - INFO - Checking connection requests...
2026-02-08 08:41:29,729 - LinkedInWatcher - INFO - --- Check #98 ---
2026-02-08 08:41:29,729 - LinkedInWatcher - INFO - Checking notifications...
2026-02-08 08:41:29,733 - LinkedInWatcher - ERROR - Error checking connection requests: Page.goto: Target page, context or browser has been closed
2026-02-08 08:41:29,733 - LinkedInWatcher - INFO - No new items
2026-02-08 08:41:29,733 - LinkedInWatcher - INFO - Sleeping for 300 seconds...
2026-02-08 08:41:29,746 - LinkedInWatcher - ERROR - Error checking notifications: Page.goto: Target page, context or browser has been closed
2026-02-08 08:41:29,746 - LinkedInWatcher - INFO - Checking messages...
2026-02-08 08:41:29,762 - LinkedInWatcher - ERROR - Error checking messages: Page.goto: Target page, context or browser has been closed
2026-02-08 08:41:29,762 - LinkedInWatcher - INFO - Checking connection requests...
2026-02-08 08:41:29,772 - LinkedInWatcher - ERROR - Error checking connection requests: Page.goto: Target page, context or browser has been closed
2026-02-08 08:41:29,772 - LinkedInWatcher - INFO - No new items
2026-02-08 08:41:29,773 - LinkedInWatcher - INFO - Sleeping for 300 seconds...
2026-02-08 08:46:29,739 - LinkedInWatcher - INFO - --- Check #100 ---
2026-02-08 08:46:29,741 - LinkedInWatcher - INFO - Checking notifications...
2026-02-08 08:46:29,774 - LinkedInWatcher - INFO - --- Check #99 ---
2026-02-08 08:46:29,774 - LinkedInWatcher - INFO - Checking notifications...
2026-02-08 08:46:29,781 - LinkedInWatcher - ERROR - Error checking notifications: Page.goto: Target page, context or browser has been closed
2026-02-08 08:46:29,781 - LinkedInWatcher - INFO - Checking messages...
2026-02-08 08:46:29,799 - LinkedInWatcher - ERROR - Error checking notifications: Page.goto: Target page, context or browser has been closed
2026-02-08 08:46:29,801 - LinkedInWatcher - INFO - Checking messages...
2026-02-08 08:46:29,806 - LinkedInWatcher - ERROR - Error checking messages: Page.goto: Target page, context or browser has been closed
2026-02-08 08:46:29,808 - LinkedInWatcher - INFO - Checking connection requests...
2026-02-08 08:46:29,824 - LinkedInWatcher - ERROR - Error checking messages: Page.goto: Target page, context or browser has been closed
2026-02-08 08:46:29,827 - LinkedInWatcher - INFO - Checking connection requests...
2026-02-08 08:46:29,829 - LinkedInWatcher - ERROR - Error checking connection requests: Page.goto: Target page, context or browser has been closed
2026-02-08 08:46:29,829 - LinkedInWatcher - INFO - No new items
2026-02-08 08:46:29,829 - LinkedInWatcher - INFO - Sleeping for 300 seconds...
2026-02-08 08:46:29,845 - LinkedInWatcher - ERROR - Error checking connection requests: Page.goto: Target page, context or browser has been closed
2026-02-08 08:46:29,845 - LinkedInWatcher - INFO - No new items
2026-02-08 08:46:29,845 - LinkedInWatcher - INFO - Sleeping for 300 seconds...
2026-02-08 08:51:29,832 - LinkedInWatcher - INFO - --- Check #101 ---
2026-02-08 08:51:29,832 - LinkedInWatcher - INFO - Checking notifications...
2026-02-08 08:51:29,848 - LinkedInWatcher - INFO - --- Check #100 ---
2026-02-08 08:51:29,850 - LinkedInWatcher - INFO - Checking notifications...
2026-02-08 08:51:29,867 - LinkedInWatcher - ERROR - Error checking notifications: Page.goto: Target page, context or browser has been closed
2026-02-08 08:51:29,867 - LinkedInWatcher - INFO - Checking messages...
2026-02-08 08:51:29,867 - LinkedInWatcher - ERROR - Error checking notifications: Page.goto: Target page, context or browser has been closed
2026-02-08 08:51:29,872 - LinkedInWatcher - INFO - Checking messages...
2026-02-08 08:51:29,878 - LinkedInWatcher - ERROR - Error checking messages: Page.goto: Target page, context or browser has been closed
2026-02-08 08:51:29,878 - LinkedInWatcher - ERROR - Error checking messages: Page.goto: Target page, context or browser has been closed
2026-02-08 08:51:29,878 - LinkedInWatcher - INFO - Checking connection requests...
2026-02-08 08:51:29,878 - LinkedInWatcher - INFO - Checking connection requests...
2026-02-08 08:51:29,899 - LinkedInWatcher - ERROR - Error checking connection requests: Page.goto: Target page, context or browser has been closed
2026-02-08 08:51:29,901 - LinkedInWatcher - INFO - No new items
2026-02-08 08:51:29,901 - LinkedInWatcher - INFO - Sleeping for 300 seconds...
2026-02-08 08:51:29,901 - LinkedInWatcher - INFO - Sleeping for 300 seconds...
